detection_id,customer_id,product_id,timestamp,location,altitude_m,detected_object,confidence,alert_level,processed
1,45,7,2024-02-16 13:47:00,AarhusPort,167,bird,0.702,low,True
2,47,12,2024-01-25 01:54:00,CopenhagenHarbor,102,bird,0.901,low,True
3,31,2,2024-01-25 21:34:00,OdenseIndustrial,143,unknown,0.668,low,False
4,139,1,2024-02-02 03:11:00,EsbjergPort,158,drone,0.711,high,True
5,10,2,2024-02-21 04:08:00,OdenseIndustrial,123,bird,0.807,low,True
6,118,10,2024-01-27 17:58:00,OdenseIndustrial,86,bird,0.984,low,True
7,14,1,2024-01-08 03:07:00,BillundAirport,26,bird,0.822,low,True
8,80,7,2024-01-01 17:42:00,BillundAirport,170,bird,0.846,medium,False
9,93,15,2024-02-05 00:48:00,BillundAirport,129,drone,0.964,critical,True
10,10,12,2024-01-05 07:49:00,CopenhagenAirport,53,drone,0.908,high,True
11,76,7,2024-02-09 10:33:00,CopenhagenHarbor,125,bird,0.869,low,True
12,94,1,2024-02-03 06:35:00,OdenseIndustrial,166,bird,0.931,low,True
13,105,11,2024-01-04 05:12:00,OdenseIndustrial,77,bird,0.951,low,False
14,1,7,2024-01-03 11:56:00,BillundAirport,28,drone,0.832,high,True
15,133,2,2024-01-05 06:48:00,OdenseIndustrial,67,drone,0.838,medium,False
16,20,1,2024-01-06 06:01:00,EsbjergPort,134,bird,0.812,medium,True
17,8,13,2024-02-21 05:54:00,OdenseIndustrial,60,bird,0.98,medium,False
18,1,8,2024-02-27 01:12:00,AarhusPort,67,drone,0.902,medium,True
19,57,11,2024-01-19 13:34:00,EsbjergPort,192,bird,0.724,medium,False
20,64,12,2024-01-05 10:11:00,EsbjergPort,44,bird,0.95,low,False
21,118,7,2024-01-19 02:29:00,OdenseIndustrial,135,bird,0.839,low,False
22,28,7,2024-02-25 11:45:00,CopenhagenAirport,97,drone,0.72,high,True
23,121,5,2024-01-09 23:10:00,BillundAirport,127,bird,0.859,low,True
24,107,4,2024-02-21 00:39:00,CopenhagenHarbor,44,bird,0.821,low,True
25,49,5,2024-02-23 23:35:00,CopenhagenHarbor,166,drone,0.955,critical,True
26,120,9,2024-02-26 10:24:00,AarhusPort,58,bird,0.759,low,True
27,44,7,2024-01-17 03:55:00,CopenhagenHarbor,138,bird,0.94,low,True
28,56,12,2024-02-20 04:34:00,CopenhagenHarbor,98,bird,0.862,low,True
29,111,5,2024-02-26 13:29:00,BillundAirport,99,bird,0.716,medium,True
30,134,7,2024-02-11 16:04:00,BillundAirport,46,drone,0.982,high,True
31,108,8,2024-02-13 17:41:00,CopenhagenAirport,123,bird,0.849,low,True
32,148,7,2024-02-28 18:59:00,AarhusPort,93,bird,0.784,low,True
33,114,8,2024-02-07 21:13:00,CopenhagenHarbor,87,bird,0.836,medium,True
34,78,2,2024-02-03 15:27:00,CopenhagenAirport,166,drone,0.949,high,True
35,130,7,2024-01-24 23:29:00,AarhusPort,47,drone,0.788,medium,True
36,37,2,2024-02-22 13:43:00,EsbjergPort,142,bird,0.756,low,False
37,20,5,2024-02-22 20:10:00,CopenhagenHarbor,180,bird,0.737,low,False
38,26,6,2024-01-12 23:40:00,CopenhagenHarbor,157,drone,0.786,high,False
39,29,8,2024-01-03 15:32:00,BillundAirport,102,bird,0.926,medium,False
40,1,14,2024-01-20 11:04:00,OdenseIndustrial,49,drone,0.837,medium,True
41,119,7,2024-02-10 17:36:00,AarhusPort,41,drone,0.766,medium,True
42,35,9,2024-01-19 22:45:00,CopenhagenHarbor,22,drone,0.748,high,True
43,59,7,2024-01-02 02:45:00,AarhusPort,120,bird,0.796,low,True
44,69,8,2024-02-19 09:58:00,CopenhagenAirport,124,bird,0.973,low,True
45,12,1,2024-02-20 05:03:00,CopenhagenAirport,195,drone,0.799,high,True
46,20,3,2024-01-19 20:19:00,OdenseIndustrial,21,bird,0.987,low,True
47,43,4,2024-02-23 13:49:00,CopenhagenHarbor,73,bird,0.841,medium,True
48,126,6,2024-02-08 23:38:00,BillundAirport,25,drone,0.752,high,True
49,50,1,2024-02-22 20:45:00,CopenhagenHarbor,126,drone,0.958,critical,True
50,29,2,2024-01-10 15:58:00,AarhusPort,187,bird,0.834,low,True
51,39,3,2024-02-29 11:35:00,EsbjergPort,142,bird,0.906,medium,True
52,38,15,2024-01-20 01:26:00,CopenhagenAirport,21,bird,0.985,low,True
53,84,4,2024-01-10 01:26:00,AarhusPort,130,drone,0.715,high,True
54,128,6,2024-01-18 05:38:00,OdenseIndustrial,21,unknown,0.521,low,False
55,126,2,2024-01-04 00:04:00,CopenhagenAirport,112,bird,0.909,medium,True
56,45,7,2024-02-23 00:03:00,BillundAirport,120,bird,0.782,medium,True
57,52,3,2024-01-07 07:51:00,CopenhagenAirport,116,drone,0.753,high,True
58,80,2,2024-01-27 11:10:00,EsbjergPort,130,bird,0.711,low,True
59,124,7,2024-01-12 09:09:00,CopenhagenHarbor,25,bird,0.706,low,True
60,119,1,2024-01-29 18:27:00,EsbjergPort,146,unknown,0.539,high,True
61,8,1,2024-02-25 06:19:00,EsbjergPort,123,bird,0.739,low,True
62,85,2,2024-01-20 23:06:00,CopenhagenHarbor,166,drone,0.836,high,False
63,129,1,2024-01-01 01:57:00,CopenhagenAirport,174,bird,0.876,medium,False
64,8,2,2024-02-28 15:51:00,OdenseIndustrial,20,bird,0.824,medium,True
65,96,4,2024-01-10 04:34:00,CopenhagenHarbor,52,drone,0.708,medium,True
66,102,10,2024-02-07 02:41:00,CopenhagenHarbor,59,bird,0.927,low,True
67,5,7,2024-01-01 14:06:00,BillundAirport,51,unknown,0.729,low,True
68,86,7,2024-01-08 14:34:00,CopenhagenAirport,36,bird,0.921,low,True
69,34,3,2024-02-25 00:39:00,CopenhagenHarbor,145,bird,0.959,low,True
70,55,14,2024-02-02 07:14:00,OdenseIndustrial,27,bird,0.826,low,True
71,119,5,2024-01-05 11:49:00,AarhusPort,76,bird,0.855,low,True
72,114,1,2024-01-21 21:45:00,CopenhagenAirport,61,bird,0.838,medium,True
73,145,7,2024-01-30 05:41:00,BillundAirport,117,bird,0.813,low,True
74,26,2,2024-02-14 16:03:00,EsbjergPort,156,bird,0.957,low,True
75,136,4,2024-02-10 07:47:00,CopenhagenHarbor,139,bird,0.959,low,False
76,47,7,2024-02-04 06:56:00,OdenseIndustrial,106,drone,0.797,medium,True
77,113,12,2024-02-01 15:47:00,CopenhagenAirport,182,drone,0.878,medium,True
78,76,6,2024-01-26 16:16:00,OdenseIndustrial,73,drone,0.969,high,True
79,72,8,2024-02-16 22:24:00,OdenseIndustrial,103,bird,0.979,low,True
80,89,15,2024-02-24 11:57:00,EsbjergPort,44,bird,0.848,low,False
81,46,2,2024-01-30 12:53:00,BillundAirport,86,drone,0.831,high,True
82,33,3,2024-01-02 06:28:00,CopenhagenAirport,193,bird,0.781,low,True
83,1,5,2024-01-02 07:57:00,CopenhagenHarbor,171,bird,0.978,medium,True
84,147,5,2024-01-15 07:38:00,BillundAirport,65,drone,0.741,medium,True
85,31,5,2024-01-23 09:34:00,CopenhagenHarbor,41,drone,0.868,high,True
86,142,13,2024-02-02 21:22:00,AarhusPort,158,bird,0.782,low,True
87,53,8,2024-01-14 23:28:00,OdenseIndustrial,195,bird,0.781,medium,True
88,48,7,2024-02-11 05:43:00,AarhusPort,27,drone,0.817,high,True
89,69,4,2024-02-15 12:25:00,OdenseIndustrial,58,bird,0.99,low,True
90,105,11,2024-02-27 01:40:00,EsbjergPort,182,drone,0.716,medium,False
91,90,14,2024-01-07 20:25:00,BillundAirport,68,drone,0.868,high,True
92,63,11,2024-01-02 12:59:00,CopenhagenHarbor,65,drone,0.724,high,True
93,73,1,2024-01-28 15:29:00,EsbjergPort,57,bird,0.745,low,True
94,89,8,2024-01-04 16:07:00,CopenhagenHarbor,155,bird,0.827,low,True
95,13,1,2024-01-24 21:07:00,BillundAirport,73,drone,0.848,high,True
96,73,3,2024-01-06 21:52:00,CopenhagenAirport,184,drone,0.775,medium,True
97,77,1,2024-01-01 22:22:00,AarhusPort,111,drone,0.792,high,True
98,68,7,2024-02-13 19:16:00,AarhusPort,59,bird,0.725,low,True
99,98,8,2024-01-14 08:16:00,CopenhagenHarbor,53,bird,0.788,medium,True
100,125,2,2024-02-25 09:27:00,CopenhagenHarbor,115,drone,0.98,high,True
101,102,5,2024-01-19 11:34:00,CopenhagenHarbor,98,drone,0.974,critical,True
102,132,6,2024-01-26 04:18:00,BillundAirport,146,unknown,0.61,high,True
103,102,4,2024-01-30 05:18:00,CopenhagenAirport,36,drone,0.866,medium,True
104,19,2,2024-02-28 00:04:00,AarhusPort,180,bird,0.964,low,True
105,82,5,2024-01-09 11:39:00,EsbjergPort,194,drone,0.702,high,False
106,141,9,2024-01-01 03:55:00,OdenseIndustrial,129,drone,0.935,critical,True
107,23,1,2024-01-30 19:29:00,BillundAirport,71,bird,0.975,medium,True
108,83,1,2024-02-16 20:04:00,AarhusPort,137,drone,0.726,medium,True
109,109,4,2024-01-06 22:47:00,CopenhagenAirport,28,bird,0.747,low,True
110,75,14,2024-02-19 03:52:00,BillundAirport,52,bird,0.979,medium,True
111,129,8,2024-02-15 10:41:00,EsbjergPort,132,drone,0.856,high,True
112,88,8,2024-02-28 17:15:00,AarhusPort,168,bird,0.704,low,True
113,54,4,2024-02-21 04:18:00,BillundAirport,104,bird,0.775,low,True
114,89,7,2024-01-04 18:15:00,AarhusPort,29,bird,0.83,medium,True
115,143,1,2024-01-26 02:39:00,AarhusPort,25,bird,0.901,low,True
116,65,8,2024-01-31 12:05:00,CopenhagenAirport,134,bird,0.913,low,True
117,76,13,2024-01-05 03:11:00,OdenseIndustrial,140,bird,0.989,low,True
118,143,7,2024-01-06 13:27:00,CopenhagenAirport,160,unknown,0.545,low,True
119,149,12,2024-01-30 01:12:00,AarhusPort,84,bird,0.856,medium,True
120,147,8,2024-02-10 16:36:00,BillundAirport,39,bird,0.855,low,True
121,60,2,2024-01-22 04:43:00,EsbjergPort,76,bird,0.818,low,True
122,93,13,2024-01-11 18:44:00,CopenhagenAirport,65,drone,0.749,high,True
123,49,1,2024-01-14 09:22:00,OdenseIndustrial,155,bird,0.983,low,True
124,35,7,2024-01-17 14:50:00,AarhusPort,29,drone,0.947,critical,True
125,102,2,2024-01-01 01:17:00,EsbjergPort,132,drone,0.845,medium,True
126,11,1,2024-01-15 07:31:00,CopenhagenAirport,158,drone,0.875,high,False
127,99,5,2024-01-12 19:04:00,CopenhagenAirport,31,bird,0.766,low,True
128,110,3,2024-01-10 18:20:00,CopenhagenAirport,157,drone,0.858,high,True
129,74,6,2024-02-27 15:05:00,CopenhagenAirport,172,bird,0.902,low,True
130,9,7,2024-02-28 08:56:00,EsbjergPort,196,unknown,0.479,low,True
131,3,1,2024-01-31 01:43:00,BillundAirport,196,drone,0.987,critical,True
132,85,2,2024-02-11 02:47:00,OdenseIndustrial,30,bird,0.877,medium,True
133,26,7,2024-02-22 02:46:00,OdenseIndustrial,137,bird,0.808,low,True
134,72,4,2024-01-21 08:07:00,AarhusPort,183,bird,0.924,low,True
135,48,8,2024-01-28 13:51:00,CopenhagenHarbor,58,drone,0.749,medium,True
136,117,8,2024-01-09 07:14:00,BillundAirport,72,bird,0.812,medium,True
137,12,11,2024-02-20 22:20:00,AarhusPort,75,bird,0.801,low,True
138,133,8,2024-02-20 01:41:00,AarhusPort,123,bird,0.825,medium,True
139,48,5,2024-02-19 16:00:00,CopenhagenAirport,148,drone,0.927,critical,True
140,37,8,2024-01-13 21:34:00,CopenhagenHarbor,75,drone,0.84,high,True
141,44,3,2024-01-07 09:04:00,CopenhagenHarbor,137,drone,0.93,high,True
142,15,4,2024-01-14 06:16:00,BillundAirport,151,drone,0.867,medium,True
143,43,10,2024-02-17 00:48:00,CopenhagenHarbor,49,bird,0.799,low,True
144,87,5,2024-01-24 14:56:00,AarhusPort,31,bird,0.935,low,True
145,70,10,2024-01-08 19:26:00,CopenhagenHarbor,54,drone,0.769,high,True
146,46,11,2024-02-01 15:18:00,CopenhagenHarbor,96,bird,0.765,low,True
147,108,12,2024-01-13 18:21:00,OdenseIndustrial,199,bird,0.846,low,False
148,123,13,2024-01-26 07:35:00,AarhusPort,178,bird,0.776,low,True
149,21,5,2024-01-03 18:58:00,EsbjergPort,121,bird,0.703,low,True
150,107,4,2024-01-08 20:22:00,CopenhagenHarbor,106,bird,0.888,low,True
151,80,7,2024-02-16 21:06:00,CopenhagenHarbor,71,drone,0.848,medium,True
152,47,4,2024-01-29 13:57:00,CopenhagenAirport,99,bird,0.829,medium,True
153,117,7,2024-02-08 03:17:00,CopenhagenHarbor,154,bird,0.98,low,True
154,124,8,2024-02-27 17:22:00,CopenhagenHarbor,41,bird,0.866,medium,True
155,143,8,2024-01-18 00:39:00,OdenseIndustrial,94,drone,0.95,critical,True
156,25,4,2024-02-09 10:59:00,AarhusPort,77,bird,0.74,low,True
157,36,2,2024-02-26 04:30:00,BillundAirport,112,drone,0.865,high,True
158,51,5,2024-02-19 12:44:00,AarhusPort,122,drone,0.952,critical,True
159,15,2,2024-01-04 18:08:00,CopenhagenAirport,159,bird,0.869,medium,True
160,68,12,2024-02-11 05:39:00,AarhusPort,26,unknown,0.731,medium,True
161,21,4,2024-01-18 09:33:00,CopenhagenHarbor,147,unknown,0.695,low,True
162,141,2,2024-01-07 13:26:00,CopenhagenAirport,74,drone,0.727,high,True
163,19,1,2024-01-01 15:22:00,AarhusPort,125,drone,0.833,high,True
164,34,8,2024-02-05 15:56:00,CopenhagenAirport,81,bird,0.814,medium,True
165,78,8,2024-01-08 11:49:00,BillundAirport,109,bird,0.951,medium,True
166,125,4,2024-02-16 06:56:00,AarhusPort,117,bird,0.771,low,True
167,117,1,2024-01-31 13:48:00,EsbjergPort,96,bird,0.98,low,True
168,52,5,2024-02-14 18:44:00,CopenhagenHarbor,138,unknown,0.486,low,True
169,27,4,2024-01-23 07:54:00,CopenhagenAirport,55,bird,0.772,low,True
170,35,8,2024-02-27 13:10:00,EsbjergPort,108,drone,0.801,high,True
171,136,7,2024-01-02 14:56:00,EsbjergPort,171,drone,0.96,high,True
172,144,4,2024-02-17 01:39:00,OdenseIndustrial,191,drone,0.98,critical,True
173,106,2,2024-01-14 05:09:00,CopenhagenAirport,164,unknown,0.45,low,True
174,146,15,2024-02-11 02:41:00,EsbjergPort,149,bird,0.793,low,True
175,2,6,2024-01-23 09:45:00,OdenseIndustrial,160,bird,0.853,low,True
176,77,8,2024-01-31 11:12:00,EsbjergPort,178,bird,0.899,medium,True
177,132,2,2024-02-02 01:57:00,CopenhagenHarbor,112,bird,0.779,low,True
178,90,6,2024-02-08 07:40:00,BillundAirport,133,bird,0.914,low,True
179,89,1,2024-01-17 11:10:00,OdenseIndustrial,47,bird,0.715,low,False
180,94,7,2024-01-21 11:26:00,BillundAirport,174,drone,0.714,high,True
181,7,15,2024-02-19 22:27:00,CopenhagenAirport,162,bird,0.812,low,True
182,95,5,2024-02-19 22:15:00,CopenhagenHarbor,52,bird,0.803,medium,True
183,108,1,2024-02-14 17:55:00,OdenseIndustrial,39,drone,0.792,high,True
184,74,1,2024-01-29 05:11:00,CopenhagenAirport,189,bird,0.842,medium,True
185,39,5,2024-01-14 23:03:00,EsbjergPort,159,bird,0.793,low,True
186,141,2,2024-02-14 23:32:00,AarhusPort,120,drone,0.756,medium,True
187,71,1,2024-01-10 23:42:00,CopenhagenAirport,42,drone,0.79,high,True
188,56,9,2024-02-28 12:51:00,BillundAirport,131,drone,0.983,critical,True
189,42,6,2024-01-03 14:36:00,CopenhagenHarbor,33,bird,0.819,low,True
190,36,3,2024-01-15 07:29:00,CopenhagenHarbor,110,drone,0.829,medium,True
191,84,13,2024-01-12 10:38:00,CopenhagenAirport,172,drone,0.867,high,True
192,118,2,2024-01-28 13:06:00,EsbjergPort,96,bird,0.985,medium,True
193,7,14,2024-02-22 13:23:00,AarhusPort,104,drone,0.77,high,True
194,54,4,2024-02-19 12:35:00,BillundAirport,128,drone,0.898,high,True
195,129,12,2024-02-24 01:14:00,CopenhagenAirport,50,bird,0.908,medium,True
196,120,7,2024-01-10 19:53:00,CopenhagenAirport,141,bird,0.876,low,True
197,106,11,2024-02-23 00:05:00,CopenhagenHarbor,126,unknown,0.591,high,True
198,47,15,2024-01-10 00:39:00,BillundAirport,73,drone,0.896,medium,True
199,123,3,2024-02-08 09:58:00,AarhusPort,152,bird,0.719,medium,True
200,141,15,2024-01-01 13:34:00,CopenhagenHarbor,160,drone,0.873,high,True
201,119,5,2024-02-22 19:57:00,CopenhagenAirport,175,bird,0.914,medium,True
202,150,5,2024-01-02 16:43:00,CopenhagenHarbor,62,bird,0.761,low,True
203,118,4,2024-02-22 18:33:00,CopenhagenHarbor,108,bird,0.944,low,True
204,21,7,2024-02-22 17:16:00,OdenseIndustrial,134,unknown,0.747,medium,False
205,137,2,2024-02-20 21:59:00,CopenhagenHarbor,118,unknown,0.484,low,True
206,26,7,2024-01-13 01:28:00,EsbjergPort,66,bird,0.833,low,True
207,9,7,2024-01-11 15:28:00,CopenhagenHarbor,90,bird,0.763,low,True
208,15,9,2024-02-09 13:02:00,EsbjergPort,185,bird,0.739,medium,True
209,10,11,2024-01-19 23:06:00,BillundAirport,86,unknown,0.54,medium,True
210,122,5,2024-02-29 08:11:00,CopenhagenHarbor,81,unknown,0.543,low,False
211,121,4,2024-01-28 17:15:00,AarhusPort,128,drone,0.758,high,True
212,125,3,2024-01-26 20:19:00,EsbjergPort,186,drone,0.801,high,False
213,72,2,2024-02-26 03:59:00,EsbjergPort,56,drone,0.88,medium,True
214,49,1,2024-02-14 21:24:00,CopenhagenAirport,138,bird,0.858,low,True
215,91,4,2024-02-11 20:39:00,BillundAirport,105,bird,0.736,medium,True
216,37,3,2024-02-06 19:48:00,CopenhagenHarbor,145,bird,0.784,low,True
217,68,15,2024-01-01 02:06:00,AarhusPort,155,drone,0.769,high,True
218,50,7,2024-02-06 08:09:00,CopenhagenAirport,71,drone,0.762,high,True
219,19,4,2024-01-20 04:32:00,BillundAirport,110,bird,0.819,medium,True
220,100,7,2024-02-15 08:30:00,EsbjergPort,52,unknown,0.703,low,True
221,60,2,2024-02-08 07:36:00,AarhusPort,100,bird,0.763,medium,True
222,89,5,2024-02-29 18:26:00,CopenhagenHarbor,61,bird,0.806,low,True
223,146,8,2024-01-31 18:47:00,OdenseIndustrial,131,drone,0.813,high,True
224,147,6,2024-02-17 20:24:00,OdenseIndustrial,145,drone,0.983,critical,True
225,69,5,2024-01-03 15:17:00,BillundAirport,174,drone,0.977,critical,True
226,49,15,2024-02-03 06:02:00,AarhusPort,155,bird,0.932,low,True
227,108,12,2024-01-10 12:38:00,CopenhagenAirport,170,bird,0.77,low,True
228,119,8,2024-01-25 00:00:00,AarhusPort,125,drone,0.72,medium,True
229,149,7,2024-02-23 04:29:00,EsbjergPort,144,bird,0.792,medium,True
230,150,8,2024-01-16 08:36:00,OdenseIndustrial,132,bird,0.777,low,False
231,37,2,2024-01-26 04:04:00,BillundAirport,83,drone,0.847,high,True
232,143,5,2024-01-02 03:25:00,CopenhagenHarbor,142,bird,0.926,medium,True
233,11,1,2024-02-03 00:03:00,AarhusPort,133,drone,0.949,critical,True
234,138,6,2024-01-14 08:56:00,OdenseIndustrial,39,drone,0.945,high,False
235,78,7,2024-02-06 22:13:00,CopenhagenAirport,35,bird,0.804,low,True
236,77,2,2024-01-26 23:50:00,BillundAirport,164,bird,0.899,medium,True
237,2,15,2024-01-28 06:42:00,CopenhagenHarbor,38,drone,0.791,high,False
238,64,13,2024-02-14 00:14:00,AarhusPort,139,drone,0.718,high,False
239,35,8,2024-02-17 09:24:00,CopenhagenAirport,155,drone,0.903,critical,False
240,7,7,2024-01-09 02:54:00,CopenhagenHarbor,185,drone,0.703,high,True
241,85,12,2024-02-09 01:44:00,EsbjergPort,57,drone,0.819,high,True
242,146,2,2024-02-22 03:00:00,OdenseIndustrial,112,unknown,0.546,low,True
243,67,10,2024-02-09 23:05:00,EsbjergPort,124,bird,0.901,low,True
244,42,2,2024-01-28 05:44:00,OdenseIndustrial,119,bird,0.922,low,True
245,118,10,2024-01-10 04:24:00,CopenhagenAirport,109,bird,0.788,low,True
246,125,3,2024-01-29 06:58:00,EsbjergPort,178,bird,0.935,low,True
247,24,12,2024-01-18 11:10:00,OdenseIndustrial,63,bird,0.785,low,True
248,46,14,2024-02-14 06:11:00,BillundAirport,95,bird,0.829,low,True
249,19,2,2024-02-04 12:08:00,CopenhagenAirport,164,unknown,0.6,low,True
250,68,6,2024-02-21 01:09:00,OdenseIndustrial,98,bird,0.901,medium,True
251,102,15,2024-01-06 22:57:00,AarhusPort,92,bird,0.986,low,True
252,42,6,2024-01-06 14:30:00,OdenseIndustrial,186,bird,0.765,medium,True
253,32,12,2024-01-07 00:26:00,EsbjergPort,189,bird,0.892,medium,True
254,109,7,2024-02-10 02:41:00,BillundAirport,195,bird,0.877,medium,False
255,36,4,2024-01-26 06:08:00,CopenhagenHarbor,159,bird,0.965,medium,True
256,97,3,2024-01-05 17:03:00,CopenhagenHarbor,115,bird,0.745,low,True
257,131,2,2024-01-30 02:34:00,OdenseIndustrial,108,drone,0.918,critical,True
258,73,9,2024-02-18 23:07:00,CopenhagenHarbor,122,drone,0.865,high,True
259,136,5,2024-02-24 21:06:00,OdenseIndustrial,165,drone,0.78,medium,True
260,97,7,2024-02-16 21:26:00,BillundAirport,25,drone,0.838,high,True
261,123,6,2024-02-19 04:35:00,CopenhagenHarbor,141,bird,0.797,low,True
262,70,7,2024-02-01 18:45:00,EsbjergPort,190,drone,0.868,high,False
263,13,12,2024-01-14 20:36:00,EsbjergPort,135,drone,0.958,critical,True
264,49,15,2024-02-02 02:40:00,AarhusPort,182,bird,0.865,medium,True
265,60,5,2024-01-26 19:08:00,OdenseIndustrial,81,drone,0.883,medium,True
266,130,11,2024-01-04 07:17:00,CopenhagenHarbor,163,bird,0.85,low,True
267,5,9,2024-01-14 06:17:00,EsbjergPort,155,drone,0.715,high,True
268,27,7,2024-01-08 05:15:00,BillundAirport,108,unknown,0.501,medium,True
269,149,14,2024-01-12 06:41:00,BillundAirport,115,bird,0.843,low,True
270,8,2,2024-01-20 05:36:00,AarhusPort,145,drone,0.79,high,True
271,50,2,2024-02-18 22:40:00,BillundAirport,109,drone,0.753,high,True
272,67,12,2024-02-02 01:23:00,BillundAirport,105,unknown,0.657,high,True
273,44,5,2024-01-14 18:16:00,CopenhagenHarbor,178,bird,0.794,low,False
274,125,11,2024-02-04 14:40:00,OdenseIndustrial,157,drone,0.775,high,True
275,58,12,2024-02-06 16:53:00,CopenhagenAirport,140,bird,0.835,medium,True
276,3,1,2024-01-18 07:17:00,BillundAirport,95,bird,0.739,low,True
277,86,12,2024-01-15 23:26:00,BillundAirport,111,bird,0.969,low,False
278,70,5,2024-02-22 09:32:00,CopenhagenAirport,89,unknown,0.432,low,True
279,130,7,2024-02-13 15:03:00,BillundAirport,167,drone,0.905,critical,True
280,2,8,2024-01-15 10:46:00,CopenhagenHarbor,152,drone,0.731,high,True
281,102,13,2024-02-22 10:40:00,CopenhagenHarbor,42,unknown,0.543,high,True
282,35,1,2024-01-02 05:19:00,CopenhagenAirport,156,bird,0.934,low,True
283,98,6,2024-01-30 03:09:00,EsbjergPort,77,bird,0.923,low,True
284,30,8,2024-01-02 17:22:00,BillundAirport,65,bird,0.733,medium,True
285,116,8,2024-01-17 23:22:00,EsbjergPort,41,bird,0.887,low,True
286,8,8,2024-01-24 09:59:00,BillundAirport,27,bird,0.942,medium,True
287,150,2,2024-02-10 07:46:00,OdenseIndustrial,142,bird,0.867,low,True
288,44,3,2024-01-02 10:39:00,BillundAirport,39,bird,0.887,low,True
289,36,4,2024-01-02 21:17:00,CopenhagenHarbor,198,bird,0.833,low,True
290,77,10,2024-02-11 10:36:00,AarhusPort,97,bird,0.853,low,True
291,31,3,2024-01-20 09:52:00,AarhusPort,58,bird,0.71,low,True
292,47,2,2024-01-30 11:40:00,AarhusPort,56,unknown,0.662,medium,True
293,55,14,2024-02-20 14:07:00,AarhusPort,197,drone,0.724,medium,True
294,106,1,2024-01-13 19:29:00,EsbjergPort,181,unknown,0.6,high,True
295,121,15,2024-01-24 06:56:00,EsbjergPort,94,bird,0.785,low,True
296,55,8,2024-02-14 11:57:00,BillundAirport,137,bird,0.858,low,True
297,144,11,2024-01-27 13:38:00,EsbjergPort,123,drone,0.739,high,False
298,12,3,2024-02-03 13:02:00,BillundAirport,180,bird,0.901,low,True
299,145,1,2024-01-21 01:05:00,OdenseIndustrial,50,bird,0.931,medium,True
300,144,8,2024-01-05 14:45:00,BillundAirport,142,bird,0.747,medium,True
301,140,11,2024-01-27 09:20:00,AarhusPort,73,bird,0.73,medium,True
302,136,9,2024-01-19 13:37:00,CopenhagenAirport,191,bird,0.742,low,True
303,3,2,2024-01-08 23:25:00,CopenhagenAirport,53,bird,0.954,low,True
304,144,9,2024-01-27 18:45:00,CopenhagenHarbor,141,drone,0.853,high,False
305,30,9,2024-01-18 17:22:00,CopenhagenHarbor,132,bird,0.836,medium,True
306,23,8,2024-02-15 05:55:00,BillundAirport,81,bird,0.731,low,True
307,92,9,2024-02-08 07:28:00,CopenhagenAirport,42,drone,0.888,high,True
308,115,11,2024-02-06 10:47:00,AarhusPort,65,bird,0.952,low,True
309,104,7,2024-01-09 13:42:00,EsbjergPort,75,bird,0.94,low,True
310,118,1,2024-01-29 08:06:00,AarhusPort,154,drone,0.882,high,True
311,5,6,2024-02-03 20:50:00,AarhusPort,137,bird,0.722,low,False
312,104,1,2024-02-24 14:23:00,BillundAirport,150,bird,0.733,medium,True
313,108,5,2024-02-22 12:29:00,BillundAirport,185,bird,0.714,medium,True
314,65,5,2024-02-06 12:43:00,OdenseIndustrial,181,bird,0.775,low,True
315,121,1,2024-02-26 22:14:00,AarhusPort,132,bird,0.739,low,True
316,30,4,2024-01-19 07:59:00,AarhusPort,63,drone,0.775,medium,True
317,149,2,2024-02-29 07:02:00,BillundAirport,147,bird,0.812,medium,True
318,84,10,2024-02-26 10:04:00,BillundAirport,127,bird,0.973,medium,True
319,150,14,2024-02-23 03:34:00,OdenseIndustrial,177,bird,0.877,medium,True
320,32,1,2024-02-08 06:26:00,OdenseIndustrial,36,bird,0.942,medium,False
321,16,14,2024-01-22 07:18:00,CopenhagenHarbor,78,drone,0.906,critical,True
322,38,7,2024-02-22 22:18:00,CopenhagenAirport,157,bird,0.733,medium,True
323,142,3,2024-02-13 21:50:00,AarhusPort,118,bird,0.913,low,True
324,36,1,2024-02-21 10:15:00,AarhusPort,103,bird,0.78,low,True
325,114,7,2024-02-09 03:33:00,OdenseIndustrial,165,bird,0.885,medium,True
326,66,10,2024-01-22 20:40:00,OdenseIndustrial,64,bird,0.799,low,True
327,105,8,2024-02-29 04:30:00,CopenhagenHarbor,127,drone,0.989,critical,True
328,85,1,2024-02-17 19:16:00,CopenhagenAirport,81,bird,0.776,low,True
329,2,1,2024-02-20 04:18:00,CopenhagenHarbor,78,bird,0.781,low,True
330,75,5,2024-01-28 18:26:00,CopenhagenAirport,196,bird,0.97,medium,True
331,67,3,2024-01-17 18:40:00,EsbjergPort,179,drone,0.707,medium,True
332,55,2,2024-02-29 10:35:00,AarhusPort,157,bird,0.902,low,True
333,6,3,2024-02-24 22:31:00,CopenhagenHarbor,30,drone,0.91,critical,True
334,150,10,2024-02-15 02:09:00,OdenseIndustrial,121,drone,0.943,critical,True
335,143,13,2024-02-21 01:06:00,CopenhagenHarbor,89,drone,0.983,critical,True
336,86,5,2024-01-25 05:51:00,EsbjergPort,142,bird,0.983,low,True
337,60,13,2024-01-23 02:21:00,CopenhagenHarbor,194,bird,0.719,low,True
338,101,4,2024-02-22 02:39:00,AarhusPort,53,drone,0.938,high,True
339,12,6,2024-02-12 00:55:00,EsbjergPort,120,unknown,0.665,medium,True
340,49,2,2024-02-28 15:38:00,OdenseIndustrial,164,drone,0.888,medium,True
341,42,8,2024-01-09 10:55:00,OdenseIndustrial,123,bird,0.737,low,True
342,82,15,2024-02-08 00:51:00,BillundAirport,59,bird,0.889,medium,True
343,35,7,2024-02-16 01:58:00,EsbjergPort,38,bird,0.985,low,True
344,134,4,2024-01-13 00:47:00,BillundAirport,86,drone,0.964,high,True
345,67,8,2024-02-02 16:17:00,BillundAirport,101,bird,0.827,medium,True
346,80,2,2024-01-05 06:30:00,AarhusPort,83,bird,0.712,medium,True
347,7,12,2024-01-04 01:45:00,CopenhagenHarbor,102,drone,0.805,high,True
348,14,7,2024-01-12 03:12:00,OdenseIndustrial,66,bird,0.94,low,True
349,73,5,2024-01-02 12:38:00,OdenseIndustrial,25,drone,0.903,high,True
350,143,7,2024-02-12 00:20:00,CopenhagenHarbor,35,bird,0.833,low,True
351,149,8,2024-02-07 01:54:00,OdenseIndustrial,165,bird,0.716,low,True
352,66,1,2024-01-14 22:39:00,CopenhagenHarbor,199,bird,0.824,low,False
353,91,8,2024-01-26 03:40:00,EsbjergPort,195,drone,0.836,high,True
354,130,2,2024-01-30 01:54:00,AarhusPort,190,bird,0.969,low,True
355,20,8,2024-01-10 14:59:00,AarhusPort,58,bird,0.886,low,True
356,10,11,2024-02-05 01:00:00,AarhusPort,196,unknown,0.601,high,True
357,25,10,2024-01-22 19:39:00,CopenhagenHarbor,132,bird,0.852,medium,True
358,25,7,2024-01-07 01:05:00,CopenhagenHarbor,159,bird,0.719,low,True
359,54,7,2024-01-30 18:40:00,CopenhagenAirport,157,bird,0.982,low,True
360,33,2,2024-01-17 03:16:00,OdenseIndustrial,90,bird,0.804,low,False
361,95,9,2024-02-29 09:14:00,OdenseIndustrial,129,drone,0.839,high,True
362,14,3,2024-01-11 15:58:00,CopenhagenAirport,74,bird,0.803,low,True
363,65,6,2024-02-23 09:58:00,CopenhagenAirport,148,bird,0.898,low,True
364,110,3,2024-01-11 03:16:00,AarhusPort,68,bird,0.892,medium,True
365,80,2,2024-01-24 07:32:00,CopenhagenAirport,183,drone,0.907,critical,True
366,54,8,2024-02-24 16:37:00,CopenhagenHarbor,40,bird,0.778,low,True
367,125,1,2024-01-01 21:19:00,BillundAirport,56,bird,0.792,low,False
368,131,9,2024-02-13 21:17:00,CopenhagenHarbor,135,bird,0.736,low,True
369,134,4,2024-02-13 09:56:00,CopenhagenAirport,43,bird,0.89,medium,True
370,25,1,2024-01-05 22:03:00,OdenseIndustrial,74,bird,0.712,low,False
371,141,7,2024-01-13 08:11:00,CopenhagenHarbor,44,bird,0.873,low,True
372,117,1,2024-01-21 19:35:00,OdenseIndustrial,154,drone,0.952,high,True
373,136,3,2024-02-01 16:48:00,CopenhagenHarbor,146,bird,0.958,low,True
374,149,8,2024-02-03 12:45:00,OdenseIndustrial,112,unknown,0.735,low,True
375,25,1,2024-01-14 05:43:00,EsbjergPort,113,unknown,0.532,low,True
376,79,11,2024-02-16 23:22:00,CopenhagenHarbor,90,bird,0.722,medium,True
377,68,1,2024-02-29 19:43:00,OdenseIndustrial,141,bird,0.895,low,True
378,12,2,2024-01-27 02:39:00,BillundAirport,43,bird,0.938,low,True
379,32,9,2024-02-06 01:20:00,AarhusPort,30,drone,0.771,high,True
380,128,4,2024-01-20 19:29:00,CopenhagenHarbor,92,bird,0.822,low,True
381,96,2,2024-01-25 23:14:00,BillundAirport,31,bird,0.943,medium,False
382,92,4,2024-01-20 08:16:00,AarhusPort,54,bird,0.954,medium,True
383,141,3,2024-01-02 18:53:00,CopenhagenHarbor,160,drone,0.771,high,True
384,31,11,2024-02-24 09:44:00,BillundAirport,42,drone,0.86,medium,True
385,78,4,2024-01-25 13:27:00,BillundAirport,102,bird,0.756,low,True
386,20,10,2024-02-12 04:54:00,EsbjergPort,186,drone,0.73,high,True
387,146,12,2024-01-17 11:52:00,BillundAirport,107,bird,0.964,low,True
388,60,5,2024-02-08 05:09:00,EsbjergPort,99,bird,0.938,low,True
389,134,13,2024-01-13 06:45:00,CopenhagenAirport,116,drone,0.92,critical,True
390,93,4,2024-02-05 21:33:00,OdenseIndustrial,159,bird,0.714,low,True
391,43,15,2024-02-08 20:41:00,AarhusPort,53,bird,0.945,medium,True
392,130,1,2024-02-23 09:48:00,OdenseIndustrial,94,bird,0.827,medium,True
393,60,8,2024-02-21 18:12:00,OdenseIndustrial,178,drone,0.799,high,True
394,31,6,2024-02-26 22:34:00,EsbjergPort,147,drone,0.858,medium,True
395,5,5,2024-02-08 23:33:00,OdenseIndustrial,160,drone,0.726,high,True
396,10,8,2024-02-12 13:08:00,BillundAirport,50,drone,0.919,critical,False
397,89,8,2024-01-27 13:23:00,EsbjergPort,149,bird,0.869,low,True
398,130,1,2024-02-09 20:24:00,OdenseIndustrial,122,bird,0.754,medium,True
399,126,2,2024-01-22 23:33:00,EsbjergPort,34,bird,0.755,low,True
400,11,8,2024-01-19 12:17:00,CopenhagenAirport,76,bird,0.753,low,True
401,56,8,2024-01-28 17:52:00,EsbjergPort,94,bird,0.717,low,True
402,83,15,2024-01-16 09:40:00,CopenhagenHarbor,53,unknown,0.515,low,True
403,137,9,2024-02-24 10:51:00,BillundAirport,122,bird,0.944,low,True
404,99,14,2024-01-02 03:02:00,AarhusPort,94,bird,0.705,low,True
405,149,8,2024-02-03 20:36:00,CopenhagenHarbor,48,bird,0.714,medium,False
406,73,3,2024-01-29 08:09:00,CopenhagenHarbor,35,bird,0.866,low,False
407,115,2,2024-01-12 14:45:00,CopenhagenHarbor,186,unknown,0.51,medium,True
408,7,10,2024-02-12 15:16:00,OdenseIndustrial,96,bird,0.795,low,True
409,80,8,2024-02-05 13:46:00,EsbjergPort,56,bird,0.801,low,True
410,144,1,2024-02-26 09:02:00,EsbjergPort,100,drone,0.873,high,False
411,97,4,2024-02-27 08:05:00,OdenseIndustrial,168,bird,0.78,low,True
412,4,14,2024-01-21 10:02:00,BillundAirport,191,bird,0.708,low,True
413,4,7,2024-01-03 23:03:00,OdenseIndustrial,143,bird,0.913,low,False
414,103,5,2024-02-02 12:28:00,OdenseIndustrial,38,bird,0.881,medium,True
415,40,6,2024-02-03 06:44:00,OdenseIndustrial,121,unknown,0.459,medium,True
416,17,2,2024-02-21 12:22:00,BillundAirport,155,drone,0.915,critical,True
417,101,4,2024-02-11 00:12:00,BillundAirport,96,bird,0.896,low,False
418,103,4,2024-01-09 02:24:00,CopenhagenAirport,60,drone,0.76,high,True
419,124,1,2024-01-25 19:37:00,CopenhagenAirport,80,bird,0.802,low,True
420,52,9,2024-01-21 09:33:00,CopenhagenAirport,45,bird,0.737,low,True
421,52,5,2024-01-26 06:37:00,CopenhagenAirport,90,bird,0.738,medium,True
422,124,11,2024-02-29 19:45:00,EsbjergPort,122,bird,0.896,low,True
423,63,12,2024-01-27 21:09:00,CopenhagenHarbor,89,bird,0.949,medium,True
424,116,2,2024-02-12 10:40:00,CopenhagenHarbor,126,drone,0.979,medium,False
425,62,8,2024-01-14 08:50:00,CopenhagenAirport,176,unknown,0.652,medium,True
426,7,6,2024-01-15 16:52:00,CopenhagenAirport,126,bird,0.753,low,False
427,92,12,2024-01-09 00:35:00,AarhusPort,122,bird,0.731,low,True
428,14,2,2024-02-24 14:17:00,CopenhagenHarbor,38,bird,0.936,low,True
429,86,8,2024-02-06 23:56:00,AarhusPort,87,bird,0.868,low,True
430,133,7,2024-02-09 22:12:00,AarhusPort,89,bird,0.879,low,True
431,130,3,2024-02-06 19:22:00,OdenseIndustrial,132,bird,0.927,low,True
432,62,2,2024-02-20 05:55:00,EsbjergPort,76,drone,0.904,critical,True
433,149,8,2024-01-18 04:42:00,BillundAirport,184,bird,0.942,low,True
434,79,8,2024-01-08 16:06:00,CopenhagenHarbor,80,bird,0.716,low,True
435,149,4,2024-01-20 23:29:00,CopenhagenAirport,111,bird,0.917,low,False
436,138,8,2024-02-07 00:22:00,CopenhagenAirport,49,bird,0.947,low,True
437,58,5,2024-01-17 01:50:00,BillundAirport,172,bird,0.783,medium,True
438,120,8,2024-02-17 09:27:00,CopenhagenHarbor,146,drone,0.886,high,True
439,133,2,2024-01-04 08:53:00,CopenhagenAirport,134,bird,0.791,low,True
440,65,12,2024-01-16 03:12:00,CopenhagenAirport,25,drone,0.978,medium,True
441,13,3,2024-02-11 01:29:00,OdenseIndustrial,37,bird,0.71,medium,True
442,82,4,2024-02-21 17:18:00,AarhusPort,29,bird,0.868,low,True
443,139,1,2024-02-16 17:38:00,CopenhagenAirport,111,bird,0.748,low,False
444,149,2,2024-01-23 05:07:00,EsbjergPort,158,drone,0.907,medium,True
445,52,7,2024-01-12 00:10:00,CopenhagenHarbor,96,bird,0.751,low,True
446,117,3,2024-01-09 09:52:00,EsbjergPort,120,drone,0.768,high,True
447,26,11,2024-01-17 16:58:00,BillundAirport,103,bird,0.843,low,True
448,34,1,2024-02-01 13:00:00,OdenseIndustrial,71,drone,0.965,high,True
449,52,4,2024-01-28 00:10:00,CopenhagenHarbor,50,bird,0.761,low,True
450,112,4,2024-02-15 20:17:00,OdenseIndustrial,164,drone,0.742,medium,False
451,82,1,2024-02-02 20:24:00,AarhusPort,129,bird,0.92,low,True
452,42,2,2024-01-23 20:41:00,CopenhagenAirport,112,unknown,0.449,low,True
453,21,5,2024-01-02 01:24:00,CopenhagenHarbor,183,bird,0.964,low,False
454,42,6,2024-01-11 10:48:00,BillundAirport,173,bird,0.743,low,True
455,141,5,2024-01-25 09:11:00,AarhusPort,72,bird,0.887,low,True
456,113,7,2024-01-27 07:44:00,AarhusPort,164,drone,0.768,high,True
457,105,7,2024-02-08 03:12:00,OdenseIndustrial,105,bird,0.745,low,True
458,17,1,2024-01-24 14:48:00,AarhusPort,172,drone,0.898,high,True
459,120,6,2024-01-01 01:00:00,CopenhagenHarbor,21,bird,0.872,low,True
460,137,15,2024-02-21 20:26:00,OdenseIndustrial,105,bird,0.919,low,True
461,129,7,2024-02-28 00:39:00,AarhusPort,152,bird,0.79,low,True
462,130,8,2024-02-08 10:17:00,BillundAirport,23,unknown,0.577,low,False
463,60,4,2024-01-10 06:30:00,EsbjergPort,183,drone,0.818,high,True
464,48,9,2024-01-17 21:54:00,CopenhagenHarbor,25,unknown,0.448,low,True
465,29,9,2024-02-01 09:06:00,BillundAirport,168,bird,0.785,low,True
466,97,7,2024-01-20 13:05:00,BillundAirport,137,drone,0.785,high,True
467,10,15,2024-01-24 15:00:00,OdenseIndustrial,108,drone,0.803,high,True
468,58,2,2024-02-29 19:23:00,CopenhagenAirport,173,bird,0.864,medium,True
469,21,1,2024-02-22 05:06:00,OdenseIndustrial,186,drone,0.773,medium,True
470,28,9,2024-02-29 08:29:00,CopenhagenHarbor,180,unknown,0.545,low,True
471,34,10,2024-01-15 07:01:00,CopenhagenHarbor,33,drone,0.777,medium,True
472,8,2,2024-01-17 00:11:00,OdenseIndustrial,75,drone,0.96,high,True
473,79,3,2024-02-05 17:54:00,CopenhagenAirport,100,bird,0.73,low,True
474,145,1,2024-02-18 08:26:00,OdenseIndustrial,168,bird,0.89,low,True
475,87,3,2024-01-05 20:00:00,CopenhagenHarbor,65,unknown,0.627,low,True
476,88,9,2024-01-25 20:12:00,CopenhagenAirport,163,bird,0.749,low,True
477,69,7,2024-01-15 22:40:00,CopenhagenHarbor,35,drone,0.981,high,True
478,87,4,2024-02-04 08:41:00,CopenhagenAirport,139,drone,0.831,medium,True
479,101,4,2024-01-26 06:48:00,CopenhagenAirport,103,drone,0.974,high,False
480,8,1,2024-02-09 16:14:00,OdenseIndustrial,176,unknown,0.58,low,False
481,77,3,2024-01-15 05:31:00,OdenseIndustrial,27,bird,0.787,low,False
482,87,8,2024-01-01 22:21:00,OdenseIndustrial,107,bird,0.755,low,True
483,43,15,2024-01-31 23:43:00,CopenhagenAirport,150,bird,0.788,medium,True
484,129,11,2024-01-01 05:38:00,CopenhagenAirport,38,bird,0.727,medium,True
485,109,1,2024-02-19 14:31:00,CopenhagenHarbor,116,bird,0.742,low,False
486,17,12,2024-01-09 12:14:00,BillundAirport,85,bird,0.73,medium,True
487,133,10,2024-02-06 00:20:00,OdenseIndustrial,98,drone,0.823,medium,True
488,148,10,2024-01-08 21:04:00,EsbjergPort,105,unknown,0.471,low,True
489,21,6,2024-01-02 05:10:00,CopenhagenHarbor,143,bird,0.741,medium,True
490,58,5,2024-02-08 00:36:00,CopenhagenHarbor,169,bird,0.738,medium,True
491,110,4,2024-02-17 04:37:00,AarhusPort,65,unknown,0.4,low,True
492,139,1,2024-02-10 07:33:00,OdenseIndustrial,132,bird,0.757,medium,True
493,143,2,2024-02-19 04:55:00,CopenhagenHarbor,110,bird,0.728,medium,True
494,135,2,2024-01-12 00:56:00,AarhusPort,160,bird,0.748,medium,True
495,28,6,2024-02-08 17:21:00,EsbjergPort,52,bird,0.968,medium,True
496,51,9,2024-02-13 10:32:00,EsbjergPort,152,bird,0.938,medium,False
497,5,6,2024-02-23 18:54:00,OdenseIndustrial,96,unknown,0.424,low,True
498,5,1,2024-01-20 09:35:00,CopenhagenAirport,174,bird,0.89,medium,True
499,94,14,2024-01-27 03:21:00,AarhusPort,140,bird,0.856,low,True
500,96,14,2024-01-21 15:11:00,CopenhagenAirport,147,bird,0.896,medium,True
501,8,10,2024-02-18 20:22:00,EsbjergPort,97,bird,0.898,low,True
502,64,15,2024-01-09 11:02:00,EsbjergPort,171,drone,0.882,high,True
503,138,7,2024-02-09 01:56:00,BillundAirport,86,drone,0.777,high,True
504,38,15,2024-01-14 13:41:00,BillundAirport,134,drone,0.711,medium,True
505,111,1,2024-02-27 03:50:00,BillundAirport,82,bird,0.832,low,True
506,112,4,2024-02-01 02:53:00,BillundAirport,132,unknown,0.652,high,True
507,81,2,2024-01-26 19:58:00,CopenhagenHarbor,113,drone,0.865,high,True
508,136,2,2024-01-07 03:00:00,BillundAirport,67,drone,0.941,critical,True
509,104,2,2024-01-17 17:10:00,CopenhagenHarbor,31,bird,0.988,medium,True
510,73,8,2024-02-18 10:48:00,CopenhagenHarbor,175,bird,0.747,medium,True
511,49,10,2024-01-08 17:22:00,OdenseIndustrial,191,bird,0.901,low,True
512,36,7,2024-02-25 22:39:00,CopenhagenHarbor,190,drone,0.896,medium,True
513,126,2,2024-02-21 01:43:00,CopenhagenHarbor,164,bird,0.984,medium,True
514,68,10,2024-02-27 22:41:00,BillundAirport,59,bird,0.986,low,True
515,78,8,2024-01-30 00:26:00,CopenhagenHarbor,196,drone,0.899,high,True
516,105,5,2024-01-05 16:17:00,CopenhagenAirport,104,drone,0.771,high,True
517,122,8,2024-01-26 01:02:00,BillundAirport,76,unknown,0.555,high,True
518,119,3,2024-02-07 15:57:00,AarhusPort,106,bird,0.731,low,False
519,114,4,2024-02-05 19:31:00,BillundAirport,103,drone,0.926,critical,True
520,10,13,2024-01-18 17:10:00,CopenhagenHarbor,140,bird,0.964,low,True
521,149,3,2024-01-14 11:46:00,CopenhagenAirport,93,bird,0.811,low,True
522,140,6,2024-01-26 21:05:00,BillundAirport,126,bird,0.883,low,True
523,91,12,2024-01-13 09:30:00,CopenhagenAirport,143,bird,0.825,low,True
524,2,8,2024-02-15 22:30:00,AarhusPort,119,bird,0.827,low,True
525,118,1,2024-02-22 00:30:00,EsbjergPort,62,drone,0.79,high,True
526,13,2,2024-02-06 08:55:00,AarhusPort,138,bird,0.921,low,True
527,95,1,2024-01-25 14:35:00,EsbjergPort,42,drone,0.971,medium,True
528,144,8,2024-02-09 16:12:00,OdenseIndustrial,174,bird,0.973,low,True
529,32,5,2024-02-24 19:45:00,EsbjergPort,56,bird,0.751,low,True
530,32,2,2024-02-26 23:30:00,OdenseIndustrial,153,bird,0.954,medium,True
531,124,14,2024-01-03 01:43:00,BillundAirport,84,bird,0.914,low,True
532,11,7,2024-01-15 08:22:00,OdenseIndustrial,153,bird,0.773,medium,True
533,10,2,2024-01-17 07:50:00,CopenhagenAirport,197,bird,0.72,low,True
534,15,7,2024-02-24 07:07:00,OdenseIndustrial,41,bird,0.778,medium,False
535,17,8,2024-01-29 11:18:00,CopenhagenAirport,124,bird,0.965,medium,True
536,146,1,2024-02-09 11:26:00,EsbjergPort,107,bird,0.884,medium,True
537,59,3,2024-01-05 14:40:00,EsbjergPort,172,unknown,0.541,high,True
538,78,10,2024-01-31 22:27:00,EsbjergPort,144,bird,0.775,medium,True
539,124,6,2024-02-07 22:20:00,OdenseIndustrial,98,drone,0.909,high,True
540,114,7,2024-01-11 15:17:00,EsbjergPort,109,drone,0.708,medium,True
541,22,5,2024-01-06 06:04:00,OdenseIndustrial,70,unknown,0.69,low,True
542,32,1,2024-01-19 23:45:00,OdenseIndustrial,195,drone,0.882,medium,False
543,113,2,2024-02-25 01:13:00,CopenhagenHarbor,121,bird,0.742,low,True
544,120,5,2024-02-21 23:39:00,CopenhagenHarbor,125,drone,0.939,high,True
545,149,2,2024-02-26 02:05:00,OdenseIndustrial,79,drone,0.768,high,False
546,122,1,2024-02-21 09:58:00,CopenhagenAirport,65,bird,0.889,low,True
547,32,11,2024-02-06 09:13:00,BillundAirport,55,bird,0.818,low,True
548,119,15,2024-02-15 21:21:00,AarhusPort,185,bird,0.873,medium,True
549,39,10,2024-01-21 10:30:00,CopenhagenHarbor,30,drone,0.731,medium,True
550,12,12,2024-02-22 10:52:00,OdenseIndustrial,31,drone,0.705,high,True
551,18,2,2024-01-20 07:08:00,AarhusPort,189,bird,0.964,low,True
552,149,15,2024-02-03 17:03:00,CopenhagenHarbor,58,bird,0.778,low,True
553,141,2,2024-01-10 15:59:00,BillundAirport,158,bird,0.938,low,True
554,149,14,2024-02-18 03:46:00,CopenhagenAirport,55,bird,0.99,medium,True
555,126,15,2024-01-28 18:14:00,OdenseIndustrial,71,unknown,0.516,medium,True
556,136,8,2024-01-12 08:51:00,BillundAirport,50,bird,0.777,low,True
557,46,15,2024-02-01 07:24:00,CopenhagenHarbor,52,bird,0.892,low,False
558,104,7,2024-01-21 13:49:00,OdenseIndustrial,160,bird,0.98,low,True
559,135,3,2024-02-05 13:04:00,AarhusPort,165,drone,0.966,high,False
560,86,5,2024-02-12 23:56:00,EsbjergPort,188,bird,0.846,low,True
561,150,7,2024-02-21 08:52:00,CopenhagenAirport,77,drone,0.931,critical,True
562,89,1,2024-02-13 04:27:00,CopenhagenHarbor,171,bird,0.739,low,True
563,22,8,2024-01-10 00:24:00,CopenhagenAirport,147,bird,0.983,medium,True
564,92,15,2024-01-23 22:39:00,OdenseIndustrial,50,bird,0.98,medium,False
565,29,2,2024-02-29 07:51:00,EsbjergPort,74,bird,0.747,low,True
566,13,10,2024-02-28 02:51:00,BillundAirport,29,bird,0.787,medium,True
567,2,13,2024-02-10 16:46:00,CopenhagenAirport,149,unknown,0.425,medium,True
568,29,14,2024-01-08 08:56:00,AarhusPort,34,drone,0.779,high,True
569,27,15,2024-02-04 18:32:00,CopenhagenHarbor,22,unknown,0.467,high,True
570,50,7,2024-01-18 01:34:00,AarhusPort,62,bird,0.81,medium,True
571,95,15,2024-01-03 09:10:00,CopenhagenAirport,178,unknown,0.591,medium,True
572,88,9,2024-01-09 19:16:00,EsbjergPort,86,bird,0.799,low,True
573,44,2,2024-01-08 12:16:00,BillundAirport,75,bird,0.985,medium,True
574,22,6,2024-01-23 17:33:00,BillundAirport,82,bird,0.883,low,True
575,97,8,2024-02-29 12:00:00,AarhusPort,34,bird,0.821,low,True
576,3,2,2024-01-02 10:10:00,OdenseIndustrial,128,drone,0.748,high,True
577,118,8,2024-01-24 13:33:00,OdenseIndustrial,135,bird,0.986,medium,True
578,19,8,2024-01-18 07:51:00,EsbjergPort,111,bird,0.938,low,True
579,23,2,2024-01-23 12:13:00,BillundAirport,157,drone,0.782,high,True
580,30,7,2024-01-25 04:01:00,AarhusPort,185,bird,0.72,low,True
581,39,9,2024-02-08 14:59:00,AarhusPort,66,bird,0.716,low,True
582,108,6,2024-01-23 20:33:00,AarhusPort,76,bird,0.735,low,True
583,111,1,2024-01-29 04:40:00,CopenhagenAirport,69,drone,0.868,high,True
584,25,1,2024-02-10 02:55:00,EsbjergPort,90,drone,0.969,medium,True
585,128,4,2024-01-25 14:00:00,OdenseIndustrial,162,bird,0.844,medium,True
586,111,13,2024-01-04 02:54:00,OdenseIndustrial,165,bird,0.944,medium,True
587,136,2,2024-02-26 00:48:00,CopenhagenAirport,101,bird,0.829,low,True
588,106,8,2024-02-21 20:51:00,CopenhagenHarbor,135,drone,0.905,high,True
589,144,2,2024-01-30 20:41:00,CopenhagenAirport,124,bird,0.912,low,True
590,72,4,2024-02-16 18:44:00,EsbjergPort,107,bird,0.75,low,True
591,129,11,2024-02-01 06:28:00,AarhusPort,21,bird,0.805,medium,True
592,108,8,2024-01-27 02:13:00,CopenhagenAirport,123,bird,0.885,low,True
593,5,1,2024-01-01 13:26:00,AarhusPort,103,bird,0.721,low,True
594,3,5,2024-02-09 07:58:00,EsbjergPort,62,drone,0.805,high,True
595,132,1,2024-01-21 15:57:00,EsbjergPort,173,bird,0.855,low,True
596,104,6,2024-01-25 01:16:00,BillundAirport,90,bird,0.989,medium,True
597,64,8,2024-02-25 14:57:00,AarhusPort,185,drone,0.838,high,True
598,106,2,2024-02-03 12:40:00,OdenseIndustrial,113,drone,0.937,critical,True
599,98,3,2024-01-17 20:22:00,CopenhagenAirport,61,bird,0.825,low,True
600,10,5,2024-02-25 20:35:00,EsbjergPort,152,bird,0.931,low,True
601,149,13,2024-02-13 04:51:00,AarhusPort,158,bird,0.873,low,True
602,128,15,2024-02-08 02:02:00,CopenhagenHarbor,84,unknown,0.532,medium,True
603,46,1,2024-02-09 13:39:00,BillundAirport,53,bird,0.819,medium,True
604,66,9,2024-02-26 13:50:00,CopenhagenHarbor,139,unknown,0.414,low,True
605,112,4,2024-01-27 12:37:00,EsbjergPort,20,drone,0.883,high,True
606,13,5,2024-01-30 01:24:00,CopenhagenHarbor,149,bird,0.821,low,True
607,137,9,2024-02-14 23:14:00,CopenhagenHarbor,167,bird,0.742,low,True
608,86,13,2024-01-24 17:17:00,BillundAirport,80,bird,0.727,low,True
609,90,14,2024-02-23 13:29:00,BillundAirport,168,bird,0.705,low,False
610,58,7,2024-01-28 19:22:00,BillundAirport,107,bird,0.953,medium,True
611,54,4,2024-02-12 19:45:00,BillundAirport,87,drone,0.769,medium,True
612,12,10,2024-02-27 12:56:00,CopenhagenHarbor,146,unknown,0.732,medium,True
613,14,3,2024-01-20 00:16:00,OdenseIndustrial,159,bird,0.913,low,True
614,121,7,2024-02-08 13:54:00,OdenseIndustrial,41,drone,0.793,high,False
615,121,4,2024-01-10 20:39:00,BillundAirport,167,bird,0.847,low,True
616,20,8,2024-02-26 12:52:00,CopenhagenAirport,101,bird,0.747,medium,True
617,75,2,2024-02-05 09:08:00,AarhusPort,148,bird,0.978,low,True
618,144,2,2024-02-21 05:41:00,EsbjergPort,49,drone,0.947,critical,True
619,70,13,2024-02-20 12:30:00,CopenhagenAirport,145,unknown,0.52,low,True
620,56,2,2024-02-16 00:22:00,EsbjergPort,116,drone,0.818,high,True
621,101,7,2024-02-02 08:40:00,CopenhagenAirport,43,bird,0.921,low,True
622,132,2,2024-02-23 09:38:00,CopenhagenAirport,33,bird,0.742,low,True
623,111,1,2024-02-13 09:23:00,OdenseIndustrial,55,bird,0.702,medium,True
624,125,1,2024-01-13 16:57:00,AarhusPort,43,bird,0.706,low,False
625,132,2,2024-01-22 03:28:00,CopenhagenAirport,114,drone,0.87,high,True
626,20,12,2024-01-19 04:12:00,BillundAirport,74,drone,0.832,high,True
627,138,3,2024-01-30 18:34:00,EsbjergPort,43,drone,0.85,high,True
628,24,14,2024-01-06 07:37:00,OdenseIndustrial,171,bird,0.702,low,True
629,37,7,2024-02-28 14:26:00,EsbjergPort,45,bird,0.823,low,True
630,54,5,2024-01-18 15:45:00,BillundAirport,99,bird,0.908,low,True
631,103,7,2024-01-19 12:45:00,BillundAirport,185,bird,0.828,medium,True
632,149,7,2024-01-18 01:38:00,CopenhagenAirport,84,bird,0.912,low,False
633,38,9,2024-01-21 00:31:00,BillundAirport,94,drone,0.768,high,True
634,4,3,2024-01-06 11:46:00,AarhusPort,198,drone,0.936,medium,True
635,57,4,2024-02-12 15:33:00,BillundAirport,182,bird,0.871,medium,False
636,20,12,2024-02-07 12:28:00,CopenhagenAirport,62,bird,0.761,medium,False
637,17,14,2024-01-06 01:27:00,EsbjergPort,48,bird,0.769,medium,True
638,119,12,2024-01-24 09:00:00,BillundAirport,184,bird,0.882,medium,True
639,71,5,2024-02-22 14:38:00,OdenseIndustrial,100,drone,0.941,critical,True
640,4,10,2024-02-12 00:24:00,OdenseIndustrial,73,bird,0.821,low,False
641,14,6,2024-02-11 11:20:00,OdenseIndustrial,58,bird,0.775,medium,True
642,3,6,2024-01-25 02:21:00,EsbjergPort,61,bird,0.951,low,True
643,80,2,2024-02-27 20:20:00,CopenhagenHarbor,175,drone,0.894,medium,True
644,55,7,2024-01-13 06:34:00,OdenseIndustrial,48,bird,0.83,medium,True
645,132,2,2024-02-28 00:40:00,OdenseIndustrial,190,bird,0.841,low,True
646,120,4,2024-01-17 13:54:00,CopenhagenHarbor,150,bird,0.759,medium,True
647,24,12,2024-01-31 07:22:00,EsbjergPort,157,drone,0.882,high,False
648,82,2,2024-02-15 06:00:00,OdenseIndustrial,161,unknown,0.68,high,True
649,147,1,2024-01-13 05:22:00,CopenhagenAirport,194,bird,0.989,medium,True
650,60,1,2024-01-19 00:11:00,EsbjergPort,61,drone,0.839,high,True
651,147,14,2024-01-21 06:32:00,OdenseIndustrial,113,unknown,0.709,high,True
652,49,7,2024-02-02 07:42:00,OdenseIndustrial,179,unknown,0.52,medium,True
653,63,5,2024-01-30 12:40:00,CopenhagenHarbor,51,drone,0.966,critical,True
654,110,10,2024-02-14 23:32:00,CopenhagenAirport,189,drone,0.932,high,True
655,150,11,2024-02-10 19:22:00,EsbjergPort,179,bird,0.831,low,True
656,109,4,2024-02-04 19:06:00,BillundAirport,45,drone,0.908,critical,True
657,76,8,2024-02-26 08:01:00,AarhusPort,134,bird,0.87,low,True
658,30,9,2024-01-18 17:59:00,CopenhagenAirport,148,drone,0.843,medium,True
659,58,8,2024-01-24 10:22:00,BillundAirport,75,bird,0.756,medium,True
660,117,2,2024-02-18 09:09:00,CopenhagenAirport,141,drone,0.835,high,True
661,100,12,2024-02-25 16:39:00,BillundAirport,125,drone,0.771,medium,True
662,19,7,2024-01-16 02:34:00,BillundAirport,149,bird,0.965,low,True
663,94,3,2024-01-03 18:12:00,CopenhagenAirport,100,drone,0.797,medium,True
664,113,5,2024-02-19 04:31:00,CopenhagenHarbor,177,bird,0.976,medium,False
665,146,1,2024-01-30 01:53:00,CopenhagenAirport,139,drone,0.855,high,True
666,63,2,2024-01-07 21:03:00,CopenhagenAirport,71,bird,0.883,low,True
667,116,9,2024-01-03 02:20:00,BillundAirport,110,bird,0.857,low,True
668,113,1,2024-01-29 23:55:00,AarhusPort,156,unknown,0.443,low,True
669,47,5,2024-02-29 16:36:00,BillundAirport,41,bird,0.809,low,True
670,57,7,2024-02-01 16:48:00,OdenseIndustrial,53,drone,0.729,medium,False
671,118,1,2024-01-07 14:36:00,CopenhagenAirport,129,bird,0.881,low,True
672,45,15,2024-01-02 15:56:00,EsbjergPort,68,bird,0.83,low,True
673,145,2,2024-02-28 09:22:00,CopenhagenAirport,148,bird,0.926,low,True
674,4,4,2024-01-14 06:49:00,CopenhagenHarbor,92,bird,0.764,medium,False
675,148,4,2024-01-02 02:31:00,EsbjergPort,103,bird,0.748,medium,True
676,47,2,2024-01-08 20:23:00,BillundAirport,72,bird,0.818,medium,True
677,143,1,2024-01-22 05:21:00,CopenhagenHarbor,119,bird,0.969,medium,True
678,47,8,2024-02-19 19:19:00,CopenhagenAirport,143,bird,0.906,low,True
679,78,15,2024-02-29 21:11:00,BillundAirport,187,unknown,0.468,low,False
680,124,2,2024-01-06 01:54:00,BillundAirport,64,unknown,0.458,medium,True
681,75,8,2024-01-14 15:03:00,OdenseIndustrial,156,bird,0.724,medium,True
682,103,9,2024-02-16 23:55:00,OdenseIndustrial,124,drone,0.986,medium,False
683,137,11,2024-02-15 04:42:00,AarhusPort,169,bird,0.893,low,True
684,90,5,2024-02-28 01:44:00,OdenseIndustrial,165,drone,0.783,medium,True
685,144,4,2024-01-24 00:10:00,EsbjergPort,125,drone,0.87,high,False
686,69,4,2024-02-05 22:36:00,BillundAirport,62,unknown,0.733,medium,True
687,61,8,2024-01-19 06:12:00,OdenseIndustrial,186,bird,0.98,low,True
688,138,10,2024-02-29 20:46:00,AarhusPort,153,drone,0.751,high,False
689,50,2,2024-02-18 02:34:00,CopenhagenAirport,67,bird,0.888,low,True
690,3,4,2024-01-02 17:09:00,EsbjergPort,145,unknown,0.417,medium,True
691,107,13,2024-02-07 11:07:00,OdenseIndustrial,26,bird,0.908,low,True
692,113,10,2024-01-16 15:34:00,BillundAirport,35,drone,0.925,high,True
693,94,15,2024-02-14 04:20:00,CopenhagenAirport,148,drone,0.895,high,True
694,118,9,2024-02-03 22:34:00,BillundAirport,134,drone,0.878,high,True
695,81,5,2024-02-04 12:28:00,CopenhagenAirport,56,bird,0.959,low,True
696,109,7,2024-02-21 18:33:00,EsbjergPort,184,unknown,0.548,low,True
697,51,8,2024-02-17 11:04:00,BillundAirport,144,bird,0.796,medium,True
698,147,1,2024-02-04 02:58:00,OdenseIndustrial,100,drone,0.772,medium,False
699,35,7,2024-02-07 17:02:00,OdenseIndustrial,81,bird,0.987,medium,True
700,46,8,2024-02-03 01:58:00,AarhusPort,91,bird,0.813,medium,True
701,69,2,2024-02-24 08:09:00,CopenhagenAirport,144,bird,0.912,medium,True
702,93,10,2024-01-02 21:19:00,AarhusPort,180,bird,0.899,low,True
703,64,7,2024-01-16 21:30:00,CopenhagenHarbor,85,bird,0.762,low,False
704,49,14,2024-02-23 15:16:00,OdenseIndustrial,49,bird,0.769,low,True
705,149,1,2024-01-26 08:29:00,CopenhagenAirport,39,bird,0.782,low,True
706,74,3,2024-01-30 12:54:00,EsbjergPort,101,drone,0.819,high,True
707,5,7,2024-01-14 01:07:00,AarhusPort,126,drone,0.768,high,True
708,100,3,2024-02-03 22:05:00,EsbjergPort,171,bird,0.706,low,True
709,70,8,2024-02-10 05:32:00,EsbjergPort,151,bird,0.955,medium,True
710,90,9,2024-01-23 23:02:00,EsbjergPort,56,bird,0.98,low,True
711,4,2,2024-02-22 13:53:00,AarhusPort,151,bird,0.799,low,True
712,126,7,2024-02-11 23:41:00,CopenhagenHarbor,96,drone,0.798,high,True
713,39,7,2024-02-22 08:58:00,AarhusPort,108,drone,0.702,high,True
714,129,4,2024-02-16 07:12:00,BillundAirport,165,bird,0.897,low,True
715,24,14,2024-01-25 04:32:00,OdenseIndustrial,107,bird,0.939,medium,True
716,57,11,2024-01-23 04:46:00,AarhusPort,195,bird,0.743,low,True
717,100,8,2024-02-20 09:05:00,AarhusPort,52,drone,0.746,medium,True
718,70,8,2024-01-10 00:27:00,CopenhagenHarbor,77,unknown,0.541,low,True
719,41,6,2024-01-26 21:51:00,BillundAirport,47,bird,0.879,medium,True
720,60,13,2024-01-22 22:15:00,AarhusPort,54,bird,0.713,low,True
721,108,8,2024-02-14 08:12:00,OdenseIndustrial,144,drone,0.881,high,True
722,57,8,2024-01-01 16:47:00,OdenseIndustrial,157,unknown,0.525,medium,True
723,31,12,2024-02-19 07:01:00,AarhusPort,84,bird,0.807,medium,True
724,84,3,2024-02-22 22:42:00,EsbjergPort,61,bird,0.923,low,True
725,36,10,2024-02-02 23:57:00,EsbjergPort,104,bird,0.935,low,True
726,108,2,2024-01-21 07:37:00,BillundAirport,156,bird,0.816,low,True
727,106,4,2024-01-30 07:27:00,OdenseIndustrial,130,bird,0.975,low,True
728,86,4,2024-01-10 05:21:00,EsbjergPort,34,bird,0.818,medium,False
729,135,15,2024-02-12 12:46:00,OdenseIndustrial,88,bird,0.924,low,True
730,14,12,2024-01-01 23:55:00,BillundAirport,124,bird,0.84,medium,True
731,120,8,2024-01-19 12:20:00,BillundAirport,169,drone,0.96,critical,True
732,138,8,2024-01-04 12:44:00,EsbjergPort,83,bird,0.963,medium,True
733,80,7,2024-02-27 01:57:00,AarhusPort,60,bird,0.725,low,True
734,144,14,2024-01-10 09:07:00,CopenhagenAirport,90,bird,0.972,low,False
735,106,6,2024-02-20 09:55:00,CopenhagenHarbor,75,bird,0.939,low,True
736,70,5,2024-02-28 04:47:00,CopenhagenAirport,170,unknown,0.566,high,True
737,44,2,2024-02-01 14:59:00,CopenhagenAirport,44,bird,0.758,medium,True
738,73,10,2024-01-06 04:51:00,OdenseIndustrial,124,bird,0.933,low,False
739,45,8,2024-02-04 20:32:00,BillundAirport,153,drone,0.947,medium,True
740,107,5,2024-02-25 19:55:00,OdenseIndustrial,138,bird,0.784,low,True
741,84,1,2024-02-14 08:48:00,EsbjergPort,181,unknown,0.556,medium,True
742,82,11,2024-02-21 02:49:00,CopenhagenHarbor,28,bird,0.714,low,False
743,107,1,2024-01-07 07:17:00,EsbjergPort,79,bird,0.743,medium,True
744,21,8,2024-01-15 13:13:00,AarhusPort,144,bird,0.856,low,True
745,7,15,2024-02-23 09:59:00,CopenhagenHarbor,68,bird,0.867,low,True
746,70,5,2024-02-17 03:29:00,OdenseIndustrial,70,drone,0.887,high,True
747,127,2,2024-01-17 13:01:00,OdenseIndustrial,89,drone,0.705,medium,True
748,143,8,2024-01-27 02:07:00,EsbjergPort,56,bird,0.979,low,True
749,148,10,2024-01-18 06:20:00,OdenseIndustrial,50,bird,0.713,low,True
750,143,7,2024-01-15 17:15:00,OdenseIndustrial,188,drone,0.741,high,True
751,149,15,2024-02-23 19:15:00,CopenhagenAirport,81,unknown,0.454,low,True
752,120,1,2024-01-15 21:07:00,AarhusPort,112,bird,0.864,low,True
753,128,7,2024-01-19 19:23:00,CopenhagenAirport,33,bird,0.97,low,True
754,142,8,2024-02-09 20:12:00,OdenseIndustrial,183,bird,0.893,low,True
755,57,12,2024-01-31 14:24:00,BillundAirport,183,drone,0.939,medium,True
756,58,2,2024-01-06 10:13:00,CopenhagenAirport,98,bird,0.704,low,True
757,21,10,2024-01-22 22:38:00,OdenseIndustrial,27,bird,0.857,low,True
758,82,7,2024-01-19 19:22:00,OdenseIndustrial,173,drone,0.833,high,True
759,69,5,2024-01-21 07:21:00,AarhusPort,55,bird,0.845,low,True
760,131,2,2024-01-31 22:49:00,EsbjergPort,67,bird,0.721,low,True
761,87,12,2024-01-09 03:45:00,CopenhagenHarbor,104,bird,0.898,low,True
762,49,2,2024-01-19 01:49:00,CopenhagenAirport,47,bird,0.846,medium,True
763,147,4,2024-01-10 01:05:00,CopenhagenAirport,70,bird,0.922,low,True
764,115,3,2024-01-10 22:08:00,CopenhagenAirport,123,bird,0.841,low,True
765,89,12,2024-01-05 13:00:00,OdenseIndustrial,189,bird,0.743,medium,True
766,85,8,2024-02-26 21:58:00,AarhusPort,120,bird,0.888,low,True
767,128,10,2024-02-17 19:58:00,OdenseIndustrial,48,drone,0.75,high,True
768,140,3,2024-01-30 01:26:00,OdenseIndustrial,146,drone,0.953,critical,True
769,117,8,2024-02-22 17:32:00,EsbjergPort,101,bird,0.878,medium,True
770,127,7,2024-01-13 03:22:00,BillundAirport,29,bird,0.746,low,True
771,71,11,2024-01-17 06:11:00,AarhusPort,125,bird,0.979,low,False
772,86,13,2024-02-05 09:35:00,CopenhagenAirport,186,bird,0.85,medium,True
773,33,1,2024-02-12 01:05:00,CopenhagenHarbor,20,bird,0.721,low,True
774,81,8,2024-02-24 17:17:00,CopenhagenAirport,58,drone,0.882,high,True
775,61,1,2024-02-06 07:47:00,OdenseIndustrial,40,bird,0.773,medium,True
776,61,7,2024-01-03 03:33:00,AarhusPort,84,bird,0.933,low,True
777,98,3,2024-02-23 15:38:00,AarhusPort,34,bird,0.937,low,True
778,28,4,2024-01-16 07:22:00,AarhusPort,151,drone,0.984,medium,True
779,43,4,2024-02-06 18:10:00,BillundAirport,80,bird,0.846,medium,True
780,86,8,2024-01-31 20:13:00,CopenhagenAirport,167,drone,0.832,high,False
781,17,4,2024-01-24 10:36:00,BillundAirport,157,bird,0.919,low,True
782,98,8,2024-02-06 23:48:00,EsbjergPort,106,drone,0.738,high,False
783,98,5,2024-01-28 05:34:00,CopenhagenHarbor,124,drone,0.859,medium,True
784,65,1,2024-02-26 20:31:00,EsbjergPort,53,bird,0.858,low,True
785,74,10,2024-01-20 20:42:00,OdenseIndustrial,143,bird,0.726,medium,True
786,85,3,2024-02-07 00:51:00,BillundAirport,129,bird,0.821,low,True
787,5,5,2024-02-03 23:01:00,BillundAirport,195,bird,0.947,low,False
788,2,8,2024-02-14 00:56:00,EsbjergPort,52,drone,0.948,high,True
789,22,4,2024-01-23 08:36:00,OdenseIndustrial,117,drone,0.729,high,True
790,112,1,2024-01-04 21:46:00,AarhusPort,80,drone,0.726,high,False
791,57,4,2024-01-06 03:44:00,OdenseIndustrial,29,drone,0.776,high,True
792,66,14,2024-01-09 22:17:00,CopenhagenAirport,103,bird,0.954,medium,True
793,74,8,2024-01-14 21:02:00,EsbjergPort,84,bird,0.737,low,True
794,98,8,2024-02-23 10:41:00,OdenseIndustrial,96,drone,0.909,medium,True
795,144,8,2024-01-02 09:00:00,AarhusPort,20,bird,0.729,low,True
796,112,2,2024-02-03 12:50:00,OdenseIndustrial,152,drone,0.881,high,True
797,125,5,2024-01-19 08:31:00,BillundAirport,99,bird,0.803,medium,True
798,86,9,2024-02-29 00:16:00,CopenhagenHarbor,34,bird,0.929,medium,True
799,76,2,2024-02-27 10:31:00,BillundAirport,47,unknown,0.61,high,True
800,88,3,2024-01-19 07:45:00,CopenhagenHarbor,42,bird,0.885,low,False
801,38,3,2024-01-27 11:58:00,OdenseIndustrial,128,unknown,0.533,medium,True
802,59,5,2024-01-16 23:39:00,CopenhagenAirport,126,unknown,0.616,high,True
803,138,15,2024-01-13 22:39:00,OdenseIndustrial,164,drone,0.953,high,True
804,99,1,2024-02-29 09:30:00,AarhusPort,132,drone,0.737,high,True
805,63,7,2024-01-15 23:23:00,OdenseIndustrial,117,bird,0.951,medium,True
806,49,2,2024-01-28 07:41:00,CopenhagenHarbor,160,drone,0.872,medium,True
807,32,15,2024-01-05 00:16:00,BillundAirport,161,bird,0.737,medium,False
808,135,2,2024-01-26 07:24:00,CopenhagenAirport,158,bird,0.824,low,True
809,21,5,2024-02-17 20:36:00,OdenseIndustrial,47,drone,0.747,high,True
810,20,8,2024-01-07 01:11:00,OdenseIndustrial,61,bird,0.903,low,True
811,127,8,2024-02-21 14:38:00,BillundAirport,118,bird,0.92,medium,True
812,68,5,2024-02-27 14:50:00,CopenhagenAirport,80,bird,0.731,low,True
813,110,4,2024-02-29 09:53:00,EsbjergPort,142,bird,0.847,medium,True
814,116,5,2024-01-22 07:47:00,OdenseIndustrial,83,drone,0.936,medium,True
815,143,3,2024-01-28 03:50:00,OdenseIndustrial,50,bird,0.971,low,False
816,120,2,2024-02-12 21:48:00,EsbjergPort,100,unknown,0.469,low,True
817,79,6,2024-02-27 13:19:00,CopenhagenHarbor,29,drone,0.976,critical,True
818,116,3,2024-01-27 23:07:00,CopenhagenHarbor,27,drone,0.855,high,True
819,92,3,2024-01-04 22:15:00,AarhusPort,168,bird,0.814,medium,True
820,14,8,2024-02-01 03:39:00,BillundAirport,78,drone,0.946,high,True
821,125,15,2024-02-07 05:45:00,CopenhagenAirport,197,bird,0.843,low,True
822,58,7,2024-02-06 04:18:00,OdenseIndustrial,49,drone,0.837,medium,True
823,28,1,2024-01-11 14:11:00,OdenseIndustrial,164,bird,0.842,medium,True
824,26,1,2024-01-01 08:46:00,AarhusPort,39,drone,0.946,high,True
825,113,14,2024-02-17 18:00:00,OdenseIndustrial,67,unknown,0.521,low,True
826,66,3,2024-02-03 05:17:00,BillundAirport,149,bird,0.817,low,True
827,131,1,2024-01-09 00:16:00,AarhusPort,56,bird,0.797,medium,True
828,44,7,2024-01-20 19:41:00,BillundAirport,148,drone,0.843,high,True
829,97,8,2024-02-24 22:03:00,AarhusPort,151,bird,0.866,low,True
830,42,8,2024-02-05 10:27:00,OdenseIndustrial,119,drone,0.769,medium,True
831,6,3,2024-01-24 23:31:00,AarhusPort,73,bird,0.93,medium,True
832,23,1,2024-01-07 01:12:00,CopenhagenHarbor,141,bird,0.841,low,True
833,89,15,2024-02-15 10:55:00,CopenhagenAirport,44,unknown,0.518,medium,True
834,123,3,2024-02-21 21:44:00,OdenseIndustrial,150,drone,0.731,high,True
835,147,8,2024-01-04 13:09:00,EsbjergPort,28,drone,0.769,high,True
836,51,8,2024-02-04 05:08:00,CopenhagenAirport,53,bird,0.975,medium,True
837,11,7,2024-02-07 22:15:00,OdenseIndustrial,62,drone,0.788,medium,True
838,12,4,2024-02-27 07:03:00,CopenhagenAirport,93,bird,0.749,low,True
839,74,3,2024-01-21 15:59:00,CopenhagenHarbor,113,drone,0.834,high,True
840,8,7,2024-02-29 12:28:00,CopenhagenAirport,41,drone,0.789,medium,True
841,41,12,2024-02-11 17:52:00,AarhusPort,89,bird,0.71,low,True
842,85,14,2024-01-19 11:09:00,CopenhagenAirport,149,bird,0.794,low,True
843,72,2,2024-01-21 20:15:00,OdenseIndustrial,113,bird,0.858,low,True
844,55,2,2024-01-21 03:29:00,EsbjergPort,51,drone,0.86,high,True
845,137,14,2024-02-27 20:29:00,EsbjergPort,125,bird,0.803,low,True
846,47,8,2024-02-13 02:06:00,BillundAirport,163,drone,0.83,high,True
847,143,12,2024-01-19 03:43:00,CopenhagenAirport,20,bird,0.98,low,True
848,104,2,2024-01-05 06:34:00,EsbjergPort,91,drone,0.809,high,True
849,42,7,2024-01-16 03:24:00,CopenhagenAirport,195,drone,0.775,medium,True
850,60,8,2024-01-29 22:48:00,EsbjergPort,69,bird,0.771,low,True
851,12,8,2024-02-14 15:28:00,CopenhagenAirport,160,bird,0.833,medium,True
852,130,5,2024-02-05 13:15:00,OdenseIndustrial,34,bird,0.92,low,True
853,7,1,2024-01-15 07:01:00,CopenhagenAirport,72,drone,0.76,high,True
854,80,7,2024-02-06 13:28:00,OdenseIndustrial,191,drone,0.906,high,True
855,131,3,2024-01-21 21:27:00,OdenseIndustrial,27,bird,0.706,medium,True
856,109,6,2024-02-04 16:10:00,BillundAirport,93,drone,0.821,medium,True
857,3,14,2024-01-23 21:41:00,EsbjergPort,65,bird,0.925,low,True
858,27,5,2024-02-18 02:58:00,AarhusPort,88,bird,0.798,low,False
859,114,11,2024-02-02 01:27:00,OdenseIndustrial,133,unknown,0.441,low,False
860,107,2,2024-02-22 07:04:00,EsbjergPort,166,bird,0.759,low,True
861,40,8,2024-01-31 03:28:00,CopenhagenHarbor,185,bird,0.915,medium,False
862,129,15,2024-01-28 10:19:00,CopenhagenAirport,142,bird,0.715,low,True
863,8,2,2024-02-06 07:09:00,CopenhagenHarbor,158,bird,0.947,low,True
864,101,1,2024-01-27 18:39:00,CopenhagenAirport,136,bird,0.757,low,True
865,124,5,2024-02-21 14:39:00,BillundAirport,62,bird,0.954,low,True
866,107,1,2024-02-03 21:07:00,OdenseIndustrial,39,drone,0.802,high,True
867,101,9,2024-01-25 15:28:00,AarhusPort,167,bird,0.91,medium,False
868,4,13,2024-02-21 16:41:00,OdenseIndustrial,40,bird,0.793,low,True
869,110,5,2024-02-21 20:23:00,CopenhagenAirport,101,bird,0.963,low,True
870,19,3,2024-01-16 13:51:00,AarhusPort,76,bird,0.737,low,True
871,32,5,2024-02-12 20:01:00,OdenseIndustrial,197,drone,0.752,high,True
872,137,8,2024-02-14 02:03:00,AarhusPort,93,unknown,0.528,low,True
873,12,1,2024-02-04 03:13:00,CopenhagenAirport,117,bird,0.724,low,True
874,139,7,2024-01-05 10:08:00,BillundAirport,173,drone,0.757,high,True
875,46,7,2024-01-20 01:04:00,BillundAirport,177,bird,0.974,low,True
876,119,8,2024-02-01 06:04:00,OdenseIndustrial,129,bird,0.983,medium,True
877,16,2,2024-02-28 05:49:00,CopenhagenHarbor,134,bird,0.809,low,True
878,129,8,2024-02-09 13:45:00,CopenhagenAirport,178,bird,0.968,medium,False
879,63,1,2024-02-04 18:29:00,OdenseIndustrial,61,bird,0.858,low,True
880,109,2,2024-02-06 08:06:00,OdenseIndustrial,87,drone,0.778,high,True
881,119,12,2024-02-26 07:01:00,BillundAirport,89,bird,0.904,low,True
882,21,8,2024-01-17 05:58:00,AarhusPort,97,unknown,0.559,high,True
883,13,1,2024-02-05 07:41:00,CopenhagenAirport,109,bird,0.987,low,False
884,4,2,2024-02-22 16:57:00,AarhusPort,130,bird,0.777,low,True
885,102,2,2024-02-26 21:05:00,EsbjergPort,131,drone,0.895,high,True
886,59,3,2024-02-17 14:57:00,EsbjergPort,122,bird,0.715,low,True
887,128,2,2024-02-15 14:01:00,CopenhagenAirport,164,bird,0.733,low,False
888,27,1,2024-01-07 07:18:00,CopenhagenHarbor,38,drone,0.701,high,True
889,69,6,2024-01-18 08:43:00,EsbjergPort,198,unknown,0.57,low,True
890,25,8,2024-02-13 14:08:00,BillundAirport,89,drone,0.933,critical,True
891,131,7,2024-02-05 10:47:00,CopenhagenHarbor,82,drone,0.928,critical,True
892,97,8,2024-02-19 17:46:00,OdenseIndustrial,94,drone,0.848,high,True
893,25,1,2024-02-10 01:00:00,EsbjergPort,177,unknown,0.487,low,True
894,148,14,2024-02-04 13:46:00,BillundAirport,172,bird,0.744,low,True
895,126,11,2024-01-02 08:05:00,OdenseIndustrial,123,bird,0.783,low,True
896,133,10,2024-02-28 07:36:00,CopenhagenHarbor,94,bird,0.809,low,True
897,9,11,2024-01-19 01:35:00,CopenhagenAirport,147,bird,0.919,medium,True
898,116,14,2024-01-24 03:20:00,OdenseIndustrial,173,drone,0.857,medium,True
899,134,7,2024-02-15 01:21:00,AarhusPort,75,drone,0.722,high,True
900,60,2,2024-01-19 06:09:00,CopenhagenAirport,41,bird,0.705,medium,True
901,121,7,2024-01-03 08:29:00,CopenhagenAirport,108,bird,0.73,medium,True
902,139,9,2024-01-18 20:03:00,CopenhagenHarbor,38,drone,0.819,high,True
903,108,8,2024-01-10 11:09:00,CopenhagenHarbor,178,bird,0.971,low,True
904,108,7,2024-02-12 17:50:00,BillundAirport,45,drone,0.885,high,True
905,131,1,2024-01-18 05:46:00,BillundAirport,189,bird,0.933,low,True
906,76,4,2024-01-19 11:50:00,AarhusPort,188,bird,0.835,low,True
907,30,13,2024-02-02 01:23:00,CopenhagenAirport,42,bird,0.805,low,True
908,21,7,2024-02-16 03:15:00,AarhusPort,66,bird,0.731,low,True
909,34,7,2024-01-09 02:13:00,AarhusPort,32,drone,0.954,critical,True
910,41,3,2024-01-20 10:01:00,CopenhagenHarbor,85,unknown,0.542,medium,False
911,51,4,2024-02-26 21:41:00,AarhusPort,163,drone,0.749,medium,True
912,82,12,2024-02-21 11:37:00,AarhusPort,92,bird,0.849,low,True
913,58,8,2024-01-24 09:02:00,OdenseIndustrial,175,bird,0.841,low,True
914,75,10,2024-02-09 04:46:00,BillundAirport,96,drone,0.881,high,True
915,23,6,2024-01-15 18:48:00,BillundAirport,182,drone,0.974,high,True
916,128,8,2024-01-26 14:37:00,CopenhagenAirport,188,bird,0.868,medium,False
917,150,2,2024-01-11 15:13:00,BillundAirport,50,bird,0.857,low,True
918,17,8,2024-02-26 04:05:00,EsbjergPort,104,drone,0.715,high,True
919,69,5,2024-02-20 11:55:00,CopenhagenAirport,179,bird,0.718,medium,True
920,108,5,2024-01-08 04:06:00,OdenseIndustrial,78,bird,0.754,low,True
921,139,8,2024-01-02 02:00:00,BillundAirport,60,bird,0.709,low,True
922,94,14,2024-02-24 23:08:00,OdenseIndustrial,131,bird,0.916,medium,True
923,15,1,2024-02-27 18:26:00,BillundAirport,115,drone,0.91,critical,True
924,91,11,2024-01-19 13:45:00,BillundAirport,187,unknown,0.566,high,True
925,33,3,2024-01-23 03:30:00,OdenseIndustrial,141,bird,0.942,medium,True
926,125,5,2024-01-14 21:42:00,AarhusPort,175,bird,0.745,low,True
927,16,1,2024-02-06 12:19:00,AarhusPort,184,bird,0.787,low,False
928,66,4,2024-02-18 19:56:00,AarhusPort,124,bird,0.772,low,True
929,47,7,2024-02-28 05:27:00,EsbjergPort,93,bird,0.808,low,True
930,148,1,2024-01-20 17:00:00,AarhusPort,151,drone,0.774,high,True
931,124,6,2024-01-02 15:16:00,BillundAirport,118,bird,0.842,medium,True
932,1,13,2024-02-18 20:06:00,CopenhagenHarbor,145,bird,0.818,low,True
933,87,2,2024-01-14 22:09:00,OdenseIndustrial,157,bird,0.986,low,True
934,128,9,2024-02-22 13:57:00,CopenhagenHarbor,194,bird,0.716,low,True
935,67,5,2024-01-12 04:02:00,EsbjergPort,94,bird,0.741,low,True
936,4,8,2024-01-01 11:01:00,CopenhagenHarbor,33,bird,0.715,medium,False
937,47,3,2024-01-26 23:32:00,CopenhagenAirport,57,unknown,0.598,low,True
938,38,2,2024-01-03 00:40:00,AarhusPort,159,bird,0.716,medium,True
939,143,2,2024-02-11 21:15:00,EsbjergPort,64,bird,0.943,low,True
940,21,1,2024-02-25 06:01:00,BillundAirport,164,drone,0.848,high,True
941,57,2,2024-01-07 05:06:00,AarhusPort,182,unknown,0.686,low,True
942,117,8,2024-02-01 14:20:00,AarhusPort,94,bird,0.863,low,True
943,46,12,2024-01-12 07:49:00,CopenhagenHarbor,188,drone,0.75,high,True
944,142,10,2024-02-08 08:30:00,CopenhagenAirport,48,bird,0.757,medium,True
945,145,8,2024-01-21 20:27:00,AarhusPort,37,bird,0.792,low,True
946,39,2,2024-02-20 09:01:00,OdenseIndustrial,39,bird,0.872,low,True
947,137,3,2024-02-11 04:41:00,OdenseIndustrial,33,drone,0.761,high,True
948,99,4,2024-01-01 15:56:00,AarhusPort,181,drone,0.734,medium,True
949,77,2,2024-02-21 11:31:00,CopenhagenHarbor,196,bird,0.981,low,True
950,115,7,2024-02-03 06:28:00,CopenhagenHarbor,73,bird,0.706,medium,True
951,134,7,2024-02-24 09:39:00,BillundAirport,50,drone,0.933,critical,True
952,91,4,2024-01-19 00:43:00,EsbjergPort,77,bird,0.929,low,False
953,98,4,2024-01-28 09:23:00,EsbjergPort,123,bird,0.786,low,True
954,120,11,2024-01-28 03:03:00,EsbjergPort,189,drone,0.739,high,True
955,46,10,2024-02-26 02:58:00,CopenhagenAirport,147,drone,0.742,medium,True
956,38,4,2024-01-04 06:23:00,CopenhagenHarbor,177,drone,0.902,medium,False
957,142,13,2024-02-15 05:28:00,BillundAirport,44,drone,0.886,medium,True
958,100,14,2024-02-20 01:39:00,OdenseIndustrial,38,bird,0.927,medium,True
959,72,4,2024-01-18 22:49:00,EsbjergPort,155,drone,0.972,critical,True
960,35,4,2024-01-23 03:00:00,OdenseIndustrial,22,drone,0.901,medium,True
961,147,7,2024-01-22 22:25:00,OdenseIndustrial,105,bird,0.745,low,True
962,30,14,2024-01-16 06:55:00,AarhusPort,164,bird,0.771,low,True
963,78,12,2024-02-23 20:19:00,CopenhagenAirport,161,bird,0.944,low,True
964,84,2,2024-01-31 06:25:00,BillundAirport,28,bird,0.761,medium,True
965,113,5,2024-01-19 17:18:00,CopenhagenAirport,113,drone,0.721,high,True
966,25,7,2024-01-19 01:37:00,AarhusPort,168,drone,0.904,critical,False
967,88,7,2024-02-23 06:27:00,BillundAirport,184,bird,0.817,low,True
968,14,2,2024-02-01 11:50:00,BillundAirport,158,bird,0.967,low,True
969,102,12,2024-01-09 11:21:00,CopenhagenHarbor,39,unknown,0.651,low,True
970,150,8,2024-01-21 10:26:00,CopenhagenAirport,54,bird,0.726,low,False
971,83,11,2024-01-13 08:18:00,CopenhagenAirport,72,bird,0.975,medium,False
972,110,12,2024-02-01 10:01:00,CopenhagenHarbor,194,bird,0.775,medium,True
973,131,9,2024-01-30 07:49:00,OdenseIndustrial,129,bird,0.798,medium,True
974,19,5,2024-02-03 14:04:00,AarhusPort,199,bird,0.817,medium,True
975,28,7,2024-02-28 22:38:00,CopenhagenAirport,155,bird,0.715,low,False
976,71,2,2024-02-09 14:56:00,CopenhagenHarbor,23,bird,0.844,low,True
977,63,8,2024-01-20 02:10:00,BillundAirport,174,bird,0.736,low,True
978,73,2,2024-01-14 20:55:00,EsbjergPort,191,bird,0.816,low,True
979,124,8,2024-01-19 13:23:00,CopenhagenHarbor,187,bird,0.802,low,False
980,119,2,2024-01-17 03:59:00,EsbjergPort,121,drone,0.924,high,True
981,121,2,2024-02-24 09:01:00,OdenseIndustrial,66,drone,0.933,high,True
982,19,2,2024-01-09 00:41:00,AarhusPort,113,bird,0.744,medium,True
983,142,1,2024-02-15 21:01:00,EsbjergPort,191,bird,0.806,low,True
984,120,8,2024-02-04 03:13:00,OdenseIndustrial,67,drone,0.808,high,True
985,61,8,2024-01-24 00:22:00,EsbjergPort,110,bird,0.744,low,False
986,30,7,2024-01-19 16:36:00,BillundAirport,199,bird,0.932,low,False
987,9,2,2024-02-14 16:04:00,BillundAirport,103,drone,0.905,high,True
988,64,1,2024-02-01 05:25:00,BillundAirport,87,drone,0.755,medium,True
989,120,1,2024-01-04 05:28:00,BillundAirport,158,drone,0.806,medium,True
990,52,2,2024-01-25 09:33:00,CopenhagenHarbor,144,bird,0.731,low,False
991,89,12,2024-02-05 04:37:00,BillundAirport,92,drone,0.882,high,True
992,142,2,2024-02-18 16:55:00,BillundAirport,23,bird,0.735,medium,True
993,53,4,2024-01-25 08:06:00,CopenhagenHarbor,95,drone,0.986,critical,False
994,78,2,2024-02-02 16:24:00,BillundAirport,92,bird,0.926,low,True
995,41,2,2024-02-18 03:50:00,OdenseIndustrial,96,bird,0.813,low,True
996,68,7,2024-02-01 20:53:00,OdenseIndustrial,67,drone,0.868,medium,True
997,8,7,2024-02-12 13:12:00,CopenhagenAirport,173,bird,0.964,low,True
998,2,2,2024-02-16 23:29:00,OdenseIndustrial,121,bird,0.861,medium,True
999,105,1,2024-02-14 21:54:00,AarhusPort,125,unknown,0.544,low,True
1000,125,5,2024-01-10 13:20:00,AarhusPort,96,bird,0.81,low,True
