transaction_id,customer_id,product_id,transaction_date,quantity,unit_price,currency,total_amount,billing_type
1,6,6,2024-01-10,17,129.0,EUR,2193.0,subscription
2,68,15,2023-11-26,2,5000.0,EUR,10000.0,project
3,101,15,2024-07-09,2,5000.0,EUR,10000.0,project
4,134,2,2023-08-04,1,599.0,EUR,599.0,subscription
5,13,4,2024-07-03,4,79.0,EUR,316.0,subscription
6,30,6,2023-07-29,19,129.0,EUR,2451.0,subscription
7,100,5,2024-02-06,11,149.0,EUR,1639.0,subscription
8,2,11,2023-08-22,1,2000.0,EUR,2000.0,project
9,58,6,2024-06-17,12,129.0,EUR,1548.0,subscription
10,36,3,2024-07-26,2,1999.0,EUR,3998.0,annual
11,72,5,2023-09-14,6,149.0,EUR,894.0,subscription
12,137,2,2024-11-05,1,599.0,EUR,599.0,subscription
13,126,7,2024-12-03,1,399.0,EUR,399.0,subscription
14,77,3,2023-10-25,9,1999.0,EUR,17991.0,annual
15,50,1,2024-04-05,1,299.0,EUR,299.0,subscription
16,32,14,2023-12-22,22148,0.003,EUR,66.44,usage
17,98,8,2024-04-20,1,499.0,EUR,499.0,subscription
18,43,8,2024-09-23,1,499.0,EUR,499.0,subscription
19,125,3,2024-11-29,9,1999.0,EUR,17991.0,annual
20,95,13,2023-07-21,39774,0.004,EUR,159.1,usage
21,78,7,2023-09-11,1,399.0,EUR,399.0,subscription
22,54,9,2023-08-05,8,2499.0,EUR,19992.0,annual
23,47,8,2024-11-18,1,499.0,EUR,499.0,subscription
24,14,3,2024-02-18,8,1999.0,EUR,15992.0,annual
25,55,15,2024-11-08,5,5000.0,EUR,25000.0,project
26,63,13,2024-01-22,24100,0.004,EUR,96.4,usage
27,19,2,2024-08-29,1,599.0,EUR,599.0,subscription
28,91,13,2023-08-13,34691,0.004,EUR,138.76,usage
29,137,10,2023-09-29,6,99.0,EUR,594.0,subscription
30,101,7,2024-10-12,1,399.0,EUR,399.0,subscription
31,37,7,2024-10-09,1,399.0,EUR,399.0,subscription
32,107,9,2024-09-26,3,2499.0,EUR,7497.0,annual
33,92,5,2024-05-28,5,149.0,EUR,745.0,subscription
34,52,4,2024-11-18,9,79.0,EUR,711.0,subscription
35,28,8,2024-10-12,1,499.0,EUR,499.0,subscription
36,36,14,2023-07-21,11246,0.003,EUR,33.74,usage
37,116,4,2024-02-13,4,79.0,EUR,316.0,subscription
38,64,4,2024-07-10,7,79.0,EUR,553.0,subscription
39,18,12,2023-11-07,31340,0.005,EUR,156.7,usage
40,89,14,2024-08-17,20338,0.003,EUR,61.01,usage
41,78,12,2023-09-09,4086,0.005,EUR,20.43,usage
42,90,2,2024-08-07,1,599.0,EUR,599.0,subscription
43,8,13,2024-07-31,26535,0.004,EUR,106.14,usage
44,15,15,2024-06-01,2,5000.0,EUR,10000.0,project
45,7,1,2024-11-16,1,299.0,EUR,299.0,subscription
46,17,4,2024-04-01,13,79.0,EUR,1027.0,subscription
47,86,7,2023-07-13,1,399.0,EUR,399.0,subscription
48,118,12,2023-07-03,18013,0.005,EUR,90.06,usage
49,64,9,2024-02-09,16,2499.0,EUR,39984.0,annual
50,12,9,2023-12-22,7,2499.0,EUR,17493.0,annual
51,56,12,2024-07-19,25935,0.005,EUR,129.68,usage
52,101,10,2024-02-26,6,99.0,EUR,594.0,subscription
53,16,15,2024-12-28,2,5000.0,EUR,10000.0,project
54,2,1,2023-07-14,1,299.0,EUR,299.0,subscription
55,128,5,2024-01-11,7,149.0,EUR,1043.0,subscription
56,92,7,2024-07-31,1,399.0,EUR,399.0,subscription
57,105,13,2024-09-03,35754,0.004,EUR,143.02,usage
58,31,7,2024-05-01,1,399.0,EUR,399.0,subscription
59,47,10,2024-05-29,5,99.0,EUR,495.0,subscription
60,43,6,2024-08-13,1,129.0,EUR,129.0,subscription
61,65,11,2023-07-03,2,2000.0,EUR,4000.0,project
62,50,10,2024-09-24,3,99.0,EUR,297.0,subscription
63,1,4,2024-11-06,8,79.0,EUR,632.0,subscription
64,144,3,2024-08-20,9,1999.0,EUR,17991.0,annual
65,122,12,2024-07-25,43734,0.005,EUR,218.67,usage
66,28,13,2024-07-07,16721,0.004,EUR,66.88,usage
67,86,9,2023-08-21,2,2499.0,EUR,4998.0,annual
68,82,15,2024-07-10,4,5000.0,EUR,20000.0,project
69,22,12,2024-07-29,49708,0.005,EUR,248.54,usage
70,41,13,2023-11-19,44614,0.004,EUR,178.46,usage
71,76,10,2023-09-24,19,99.0,EUR,1881.0,subscription
72,147,4,2024-10-06,13,79.0,EUR,1027.0,subscription
73,89,8,2023-08-15,1,499.0,EUR,499.0,subscription
74,59,13,2024-02-23,47250,0.004,EUR,189.0,usage
75,69,1,2023-07-10,1,299.0,EUR,299.0,subscription
76,123,7,2024-12-11,1,399.0,EUR,399.0,subscription
77,74,12,2023-12-25,20861,0.005,EUR,104.31,usage
78,7,6,2023-07-06,15,129.0,EUR,1935.0,subscription
79,101,13,2024-05-02,10369,0.004,EUR,41.48,usage
80,111,12,2024-05-22,4857,0.005,EUR,24.29,usage
81,52,1,2024-06-20,1,299.0,EUR,299.0,subscription
82,24,15,2024-07-29,1,5000.0,EUR,5000.0,project
83,26,4,2024-04-25,1,79.0,EUR,79.0,subscription
84,125,12,2024-12-07,33490,0.005,EUR,167.45,usage
85,90,15,2024-04-10,1,5000.0,EUR,5000.0,project
86,122,14,2024-05-25,21223,0.003,EUR,63.67,usage
87,10,5,2023-08-19,11,149.0,EUR,1639.0,subscription
88,17,11,2024-07-12,5,2000.0,EUR,10000.0,project
89,2,8,2024-12-19,1,499.0,EUR,499.0,subscription
90,112,15,2023-11-21,2,5000.0,EUR,10000.0,project
91,27,4,2023-08-29,2,79.0,EUR,158.0,subscription
92,71,3,2023-09-13,14,1999.0,EUR,27986.0,annual
93,118,2,2023-07-03,1,599.0,EUR,599.0,subscription
94,9,4,2024-09-20,6,79.0,EUR,474.0,subscription
95,86,11,2024-03-31,2,2000.0,EUR,4000.0,project
96,23,10,2024-12-11,16,99.0,EUR,1584.0,subscription
97,73,14,2024-01-31,4051,0.003,EUR,12.15,usage
98,27,13,2024-10-27,39090,0.004,EUR,156.36,usage
99,93,4,2024-05-24,6,79.0,EUR,474.0,subscription
100,81,13,2024-03-11,30442,0.004,EUR,121.77,usage
101,84,10,2024-07-21,14,99.0,EUR,1386.0,subscription
102,43,5,2023-11-03,2,149.0,EUR,298.0,subscription
103,7,13,2024-05-19,13767,0.004,EUR,55.07,usage
104,92,7,2024-01-20,1,399.0,EUR,399.0,subscription
105,83,9,2023-12-19,11,2499.0,EUR,27489.0,annual
106,84,2,2024-02-02,1,599.0,EUR,599.0,subscription
107,44,5,2024-03-01,3,149.0,EUR,447.0,subscription
108,40,11,2024-05-31,2,2000.0,EUR,4000.0,project
109,135,10,2024-04-23,1,99.0,EUR,99.0,subscription
110,25,9,2023-12-29,1,2499.0,EUR,2499.0,annual
111,59,12,2024-05-29,14227,0.005,EUR,71.14,usage
112,141,14,2024-11-22,41462,0.003,EUR,124.39,usage
113,103,13,2024-07-17,7298,0.004,EUR,29.19,usage
114,86,3,2024-01-15,6,1999.0,EUR,11994.0,annual
115,112,1,2024-05-27,1,299.0,EUR,299.0,subscription
116,86,2,2023-12-12,1,599.0,EUR,599.0,subscription
117,98,14,2024-02-27,46487,0.003,EUR,139.46,usage
118,62,6,2024-02-12,12,129.0,EUR,1548.0,subscription
119,8,5,2024-09-23,12,149.0,EUR,1788.0,subscription
120,113,1,2024-01-12,1,299.0,EUR,299.0,subscription
121,146,1,2024-01-20,1,299.0,EUR,299.0,subscription
122,60,11,2024-09-30,3,2000.0,EUR,6000.0,project
123,60,4,2024-03-13,2,79.0,EUR,158.0,subscription
124,106,12,2024-12-10,14601,0.005,EUR,73.0,usage
125,2,15,2024-03-28,5,5000.0,EUR,25000.0,project
126,91,4,2023-07-09,7,79.0,EUR,553.0,subscription
127,14,15,2024-01-17,3,5000.0,EUR,15000.0,project
128,48,6,2023-08-28,11,129.0,EUR,1419.0,subscription
129,103,6,2024-07-27,14,129.0,EUR,1806.0,subscription
130,56,10,2023-10-27,3,99.0,EUR,297.0,subscription
131,12,14,2024-08-02,4999,0.003,EUR,15.0,usage
132,55,6,2024-05-26,11,129.0,EUR,1419.0,subscription
133,110,1,2024-03-23,1,299.0,EUR,299.0,subscription
134,4,10,2024-12-01,4,99.0,EUR,396.0,subscription
135,36,9,2024-10-22,17,2499.0,EUR,42483.0,annual
136,131,11,2023-11-11,3,2000.0,EUR,6000.0,project
137,1,7,2024-06-19,1,399.0,EUR,399.0,subscription
138,17,7,2024-11-09,1,399.0,EUR,399.0,subscription
139,62,11,2023-10-15,1,2000.0,EUR,2000.0,project
140,48,7,2024-04-15,1,399.0,EUR,399.0,subscription
141,62,2,2023-11-24,1,599.0,EUR,599.0,subscription
142,69,2,2024-05-22,1,599.0,EUR,599.0,subscription
143,147,6,2024-08-18,10,129.0,EUR,1290.0,subscription
144,103,7,2024-01-26,1,399.0,EUR,399.0,subscription
145,110,3,2024-04-21,15,1999.0,EUR,29985.0,annual
146,91,13,2024-08-01,8975,0.004,EUR,35.9,usage
147,114,4,2023-10-11,18,79.0,EUR,1422.0,subscription
148,89,14,2024-11-19,22314,0.003,EUR,66.94,usage
149,56,12,2024-01-25,24398,0.005,EUR,121.99,usage
150,78,3,2024-08-31,10,1999.0,EUR,19990.0,annual
151,14,7,2024-07-27,1,399.0,EUR,399.0,subscription
152,25,7,2023-10-17,1,399.0,EUR,399.0,subscription
153,132,4,2024-06-12,9,79.0,EUR,711.0,subscription
154,32,13,2023-08-19,32533,0.004,EUR,130.13,usage
155,82,7,2023-10-13,1,399.0,EUR,399.0,subscription
156,78,5,2024-08-23,14,149.0,EUR,2086.0,subscription
157,106,1,2024-07-07,1,299.0,EUR,299.0,subscription
158,20,10,2023-07-27,11,99.0,EUR,1089.0,subscription
159,74,4,2024-03-29,1,79.0,EUR,79.0,subscription
160,10,7,2024-06-04,1,399.0,EUR,399.0,subscription
161,123,13,2024-04-26,6091,0.004,EUR,24.36,usage
162,34,15,2024-10-22,2,5000.0,EUR,10000.0,project
163,40,2,2024-12-25,1,599.0,EUR,599.0,subscription
164,127,2,2024-03-21,1,599.0,EUR,599.0,subscription
165,33,1,2024-12-23,1,299.0,EUR,299.0,subscription
166,71,2,2023-12-13,1,599.0,EUR,599.0,subscription
167,137,10,2024-05-11,6,99.0,EUR,594.0,subscription
168,144,14,2023-07-01,23293,0.003,EUR,69.88,usage
169,133,8,2024-03-17,1,499.0,EUR,499.0,subscription
170,98,11,2023-09-01,2,2000.0,EUR,4000.0,project
171,124,8,2024-10-25,1,499.0,EUR,499.0,subscription
172,43,8,2024-05-16,1,499.0,EUR,499.0,subscription
173,114,15,2024-01-17,5,5000.0,EUR,25000.0,project
174,89,1,2024-02-07,1,299.0,EUR,299.0,subscription
175,13,1,2023-11-29,1,299.0,EUR,299.0,subscription
176,128,12,2024-10-04,48553,0.005,EUR,242.77,usage
177,139,10,2024-02-02,3,99.0,EUR,297.0,subscription
178,52,4,2024-01-12,9,79.0,EUR,711.0,subscription
179,17,6,2024-01-18,19,129.0,EUR,2451.0,subscription
180,13,8,2024-02-19,1,499.0,EUR,499.0,subscription
181,84,13,2023-11-18,21530,0.004,EUR,86.12,usage
182,97,2,2024-11-09,1,599.0,EUR,599.0,subscription
183,106,13,2023-08-26,22872,0.004,EUR,91.49,usage
184,96,3,2024-11-15,18,1999.0,EUR,35982.0,annual
185,8,6,2023-11-19,11,129.0,EUR,1419.0,subscription
186,56,10,2024-12-20,12,99.0,EUR,1188.0,subscription
187,104,4,2023-10-14,3,79.0,EUR,237.0,subscription
188,83,12,2023-12-12,33977,0.005,EUR,169.88,usage
189,44,2,2024-01-31,1,599.0,EUR,599.0,subscription
190,103,7,2023-09-09,1,399.0,EUR,399.0,subscription
191,112,4,2023-09-28,6,79.0,EUR,474.0,subscription
192,149,8,2024-02-13,1,499.0,EUR,499.0,subscription
193,42,8,2023-09-17,1,499.0,EUR,499.0,subscription
194,145,7,2024-06-13,1,399.0,EUR,399.0,subscription
195,30,10,2024-03-02,7,99.0,EUR,693.0,subscription
196,26,9,2024-03-28,1,2499.0,EUR,2499.0,annual
197,125,4,2024-08-06,6,79.0,EUR,474.0,subscription
198,19,7,2023-10-24,1,399.0,EUR,399.0,subscription
199,53,10,2024-09-07,18,99.0,EUR,1782.0,subscription
200,85,10,2024-12-11,13,99.0,EUR,1287.0,subscription
201,17,15,2024-09-14,3,5000.0,EUR,15000.0,project
202,104,12,2023-12-19,11918,0.005,EUR,59.59,usage
203,105,1,2023-07-16,1,299.0,EUR,299.0,subscription
204,104,4,2023-08-25,19,79.0,EUR,1501.0,subscription
205,147,2,2023-10-11,1,599.0,EUR,599.0,subscription
206,124,9,2024-04-09,9,2499.0,EUR,22491.0,annual
207,81,5,2024-11-28,3,149.0,EUR,447.0,subscription
208,37,3,2024-04-03,12,1999.0,EUR,23988.0,annual
209,121,4,2024-03-25,18,79.0,EUR,1422.0,subscription
210,70,6,2024-08-03,8,129.0,EUR,1032.0,subscription
211,130,10,2024-11-14,9,99.0,EUR,891.0,subscription
212,59,1,2023-09-24,1,299.0,EUR,299.0,subscription
213,118,7,2024-05-15,1,399.0,EUR,399.0,subscription
214,133,8,2023-08-01,1,499.0,EUR,499.0,subscription
215,37,7,2024-05-31,1,399.0,EUR,399.0,subscription
216,31,7,2023-08-20,1,399.0,EUR,399.0,subscription
217,99,9,2023-09-17,13,2499.0,EUR,32487.0,annual
218,94,13,2023-12-21,49336,0.004,EUR,197.34,usage
219,6,4,2024-11-12,7,79.0,EUR,553.0,subscription
220,15,14,2023-09-14,20728,0.003,EUR,62.18,usage
221,143,7,2024-05-11,1,399.0,EUR,399.0,subscription
222,16,9,2024-07-07,18,2499.0,EUR,44982.0,annual
223,20,15,2023-09-19,2,5000.0,EUR,10000.0,project
224,77,5,2023-09-09,3,149.0,EUR,447.0,subscription
225,44,2,2023-09-09,1,599.0,EUR,599.0,subscription
226,46,15,2023-08-15,5,5000.0,EUR,25000.0,project
227,95,5,2023-08-16,19,149.0,EUR,2831.0,subscription
228,64,4,2024-08-25,1,79.0,EUR,79.0,subscription
229,131,8,2023-11-26,1,499.0,EUR,499.0,subscription
230,9,15,2023-11-07,5,5000.0,EUR,25000.0,project
231,42,5,2024-09-28,10,149.0,EUR,1490.0,subscription
232,73,9,2024-11-16,14,2499.0,EUR,34986.0,annual
233,84,9,2024-02-29,13,2499.0,EUR,32487.0,annual
234,59,3,2024-10-16,9,1999.0,EUR,17991.0,annual
235,21,13,2024-07-16,19405,0.004,EUR,77.62,usage
236,150,10,2023-10-11,6,99.0,EUR,594.0,subscription
237,63,15,2024-10-31,3,5000.0,EUR,15000.0,project
238,73,6,2023-08-06,10,129.0,EUR,1290.0,subscription
239,61,6,2024-12-01,3,129.0,EUR,387.0,subscription
240,64,4,2024-05-28,18,79.0,EUR,1422.0,subscription
241,69,11,2024-07-31,5,2000.0,EUR,10000.0,project
242,129,13,2024-04-21,13178,0.004,EUR,52.71,usage
243,106,10,2023-10-15,5,99.0,EUR,495.0,subscription
244,65,3,2024-12-11,11,1999.0,EUR,21989.0,annual
245,122,1,2023-09-21,1,299.0,EUR,299.0,subscription
246,62,12,2024-04-13,18097,0.005,EUR,90.48,usage
247,103,7,2024-10-03,1,399.0,EUR,399.0,subscription
248,60,15,2024-01-31,1,5000.0,EUR,5000.0,project
249,46,15,2024-04-06,4,5000.0,EUR,20000.0,project
250,5,5,2024-10-01,18,149.0,EUR,2682.0,subscription
251,113,14,2024-06-08,18809,0.003,EUR,56.43,usage
252,150,10,2024-01-10,1,99.0,EUR,99.0,subscription
253,70,15,2023-12-05,2,5000.0,EUR,10000.0,project
254,11,7,2024-10-07,1,399.0,EUR,399.0,subscription
255,138,1,2023-10-12,1,299.0,EUR,299.0,subscription
256,98,8,2023-08-03,1,499.0,EUR,499.0,subscription
257,31,3,2023-10-10,19,1999.0,EUR,37981.0,annual
258,12,7,2024-05-20,1,399.0,EUR,399.0,subscription
259,108,12,2023-11-18,24118,0.005,EUR,120.59,usage
260,80,3,2024-10-16,2,1999.0,EUR,3998.0,annual
261,67,14,2023-07-31,24843,0.003,EUR,74.53,usage
262,52,3,2023-09-01,1,1999.0,EUR,1999.0,annual
263,133,10,2023-09-25,19,99.0,EUR,1881.0,subscription
264,139,9,2024-04-29,10,2499.0,EUR,24990.0,annual
265,25,13,2023-08-30,43240,0.004,EUR,172.96,usage
266,35,2,2024-07-30,1,599.0,EUR,599.0,subscription
267,22,14,2024-05-29,36807,0.003,EUR,110.42,usage
268,96,4,2024-08-14,15,79.0,EUR,1185.0,subscription
269,117,6,2024-04-09,4,129.0,EUR,516.0,subscription
270,20,14,2024-10-08,44046,0.003,EUR,132.14,usage
271,106,3,2023-09-18,7,1999.0,EUR,13993.0,annual
272,4,12,2023-09-15,14944,0.005,EUR,74.72,usage
273,18,10,2024-12-21,18,99.0,EUR,1782.0,subscription
274,51,14,2024-06-25,24340,0.003,EUR,73.02,usage
275,20,10,2023-09-15,10,99.0,EUR,990.0,subscription
276,122,7,2024-11-20,1,399.0,EUR,399.0,subscription
277,137,7,2023-12-11,1,399.0,EUR,399.0,subscription
278,80,15,2023-07-09,3,5000.0,EUR,15000.0,project
279,102,5,2023-12-22,10,149.0,EUR,1490.0,subscription
280,25,3,2024-10-04,14,1999.0,EUR,27986.0,annual
281,59,2,2024-05-02,1,599.0,EUR,599.0,subscription
282,45,15,2024-03-01,3,5000.0,EUR,15000.0,project
283,41,15,2023-10-30,4,5000.0,EUR,20000.0,project
284,38,4,2024-01-01,11,79.0,EUR,869.0,subscription
285,117,14,2023-08-01,48621,0.003,EUR,145.86,usage
286,19,15,2024-05-05,5,5000.0,EUR,25000.0,project
287,14,13,2024-07-06,12154,0.004,EUR,48.62,usage
288,127,4,2023-08-25,7,79.0,EUR,553.0,subscription
289,149,11,2024-03-29,2,2000.0,EUR,4000.0,project
290,143,8,2024-10-06,1,499.0,EUR,499.0,subscription
291,3,8,2024-09-28,1,499.0,EUR,499.0,subscription
292,37,13,2024-03-05,11338,0.004,EUR,45.35,usage
293,117,5,2023-09-16,11,149.0,EUR,1639.0,subscription
294,16,13,2024-12-15,24634,0.004,EUR,98.54,usage
295,142,6,2023-10-16,2,129.0,EUR,258.0,subscription
296,9,8,2024-03-29,1,499.0,EUR,499.0,subscription
297,7,15,2023-07-15,4,5000.0,EUR,20000.0,project
298,142,1,2024-07-04,1,299.0,EUR,299.0,subscription
299,134,5,2024-04-29,10,149.0,EUR,1490.0,subscription
300,15,4,2024-01-21,2,79.0,EUR,158.0,subscription
301,72,4,2023-10-21,8,79.0,EUR,632.0,subscription
302,104,11,2024-03-09,1,2000.0,EUR,2000.0,project
303,129,2,2024-09-13,1,599.0,EUR,599.0,subscription
304,96,10,2024-01-02,6,99.0,EUR,594.0,subscription
305,122,1,2024-02-12,1,299.0,EUR,299.0,subscription
306,115,14,2024-12-09,2002,0.003,EUR,6.01,usage
307,148,15,2024-06-18,3,5000.0,EUR,15000.0,project
308,80,6,2023-07-01,10,129.0,EUR,1290.0,subscription
309,7,7,2024-08-23,1,399.0,EUR,399.0,subscription
310,135,5,2023-12-08,13,149.0,EUR,1937.0,subscription
311,50,15,2023-12-08,1,5000.0,EUR,5000.0,project
312,130,8,2023-11-05,1,499.0,EUR,499.0,subscription
313,47,9,2023-11-28,2,2499.0,EUR,4998.0,annual
314,14,11,2024-09-16,3,2000.0,EUR,6000.0,project
315,31,11,2024-10-13,1,2000.0,EUR,2000.0,project
316,50,2,2024-10-05,1,599.0,EUR,599.0,subscription
317,41,11,2023-07-30,5,2000.0,EUR,10000.0,project
318,14,13,2024-10-15,8017,0.004,EUR,32.07,usage
319,133,4,2023-09-18,10,79.0,EUR,790.0,subscription
320,5,11,2023-08-08,4,2000.0,EUR,8000.0,project
321,5,9,2024-02-25,18,2499.0,EUR,44982.0,annual
322,113,5,2024-06-01,1,149.0,EUR,149.0,subscription
323,118,3,2024-04-05,3,1999.0,EUR,5997.0,annual
324,96,6,2023-10-24,5,129.0,EUR,645.0,subscription
325,36,15,2024-03-25,1,5000.0,EUR,5000.0,project
326,79,3,2024-05-30,17,1999.0,EUR,33983.0,annual
327,19,14,2024-05-07,26159,0.003,EUR,78.48,usage
328,22,5,2023-08-22,17,149.0,EUR,2533.0,subscription
329,56,3,2023-09-06,9,1999.0,EUR,17991.0,annual
330,17,6,2023-08-03,6,129.0,EUR,774.0,subscription
331,17,12,2024-07-20,16494,0.005,EUR,82.47,usage
332,146,10,2024-03-05,7,99.0,EUR,693.0,subscription
333,78,5,2023-10-19,15,149.0,EUR,2235.0,subscription
334,56,14,2023-10-02,26574,0.003,EUR,79.72,usage
335,80,9,2024-08-13,8,2499.0,EUR,19992.0,annual
336,50,3,2023-12-26,9,1999.0,EUR,17991.0,annual
337,58,6,2023-08-16,15,129.0,EUR,1935.0,subscription
338,18,8,2024-07-10,1,499.0,EUR,499.0,subscription
339,135,7,2024-01-18,1,399.0,EUR,399.0,subscription
340,76,6,2024-09-17,2,129.0,EUR,258.0,subscription
341,10,14,2024-04-22,49070,0.003,EUR,147.21,usage
342,69,15,2024-05-03,2,5000.0,EUR,10000.0,project
343,85,2,2024-11-04,1,599.0,EUR,599.0,subscription
344,131,15,2024-06-02,2,5000.0,EUR,10000.0,project
345,83,7,2023-09-04,1,399.0,EUR,399.0,subscription
346,109,8,2024-08-25,1,499.0,EUR,499.0,subscription
347,44,1,2024-12-21,1,299.0,EUR,299.0,subscription
348,142,15,2024-11-04,2,5000.0,EUR,10000.0,project
349,132,9,2024-05-12,18,2499.0,EUR,44982.0,annual
350,18,4,2023-09-13,1,79.0,EUR,79.0,subscription
351,93,8,2023-08-28,1,499.0,EUR,499.0,subscription
352,38,15,2024-07-20,3,5000.0,EUR,15000.0,project
353,148,10,2023-07-15,14,99.0,EUR,1386.0,subscription
354,51,7,2024-02-16,1,399.0,EUR,399.0,subscription
355,19,14,2024-01-15,23443,0.003,EUR,70.33,usage
356,120,13,2024-06-18,40725,0.004,EUR,162.9,usage
357,68,10,2023-08-04,4,99.0,EUR,396.0,subscription
358,66,7,2023-12-09,1,399.0,EUR,399.0,subscription
359,141,2,2024-10-13,1,599.0,EUR,599.0,subscription
360,98,1,2024-12-12,1,299.0,EUR,299.0,subscription
361,88,4,2024-08-26,13,79.0,EUR,1027.0,subscription
362,33,12,2024-06-12,13559,0.005,EUR,67.8,usage
363,105,2,2023-11-24,1,599.0,EUR,599.0,subscription
364,74,8,2024-07-08,1,499.0,EUR,499.0,subscription
365,82,10,2024-08-19,16,99.0,EUR,1584.0,subscription
366,19,7,2024-11-05,1,399.0,EUR,399.0,subscription
367,71,8,2024-03-12,1,499.0,EUR,499.0,subscription
368,57,11,2023-10-11,5,2000.0,EUR,10000.0,project
369,147,6,2023-10-29,6,129.0,EUR,774.0,subscription
370,79,1,2024-08-22,1,299.0,EUR,299.0,subscription
371,42,14,2024-06-14,16333,0.003,EUR,49.0,usage
372,116,13,2023-08-11,31129,0.004,EUR,124.52,usage
373,4,13,2024-07-01,1037,0.004,EUR,4.15,usage
374,4,12,2023-07-29,39758,0.005,EUR,198.79,usage
375,5,9,2023-07-14,16,2499.0,EUR,39984.0,annual
376,41,6,2024-10-27,9,129.0,EUR,1161.0,subscription
377,108,12,2024-01-05,34241,0.005,EUR,171.21,usage
378,87,13,2024-04-20,1058,0.004,EUR,4.23,usage
379,104,10,2023-12-30,13,99.0,EUR,1287.0,subscription
380,117,1,2023-08-06,1,299.0,EUR,299.0,subscription
381,101,1,2023-07-14,1,299.0,EUR,299.0,subscription
382,75,8,2023-12-06,1,499.0,EUR,499.0,subscription
383,75,6,2024-11-05,12,129.0,EUR,1548.0,subscription
384,13,8,2024-05-24,1,499.0,EUR,499.0,subscription
385,142,8,2023-09-21,1,499.0,EUR,499.0,subscription
386,25,15,2023-07-22,3,5000.0,EUR,15000.0,project
387,115,11,2023-11-09,2,2000.0,EUR,4000.0,project
388,82,14,2024-10-07,28190,0.003,EUR,84.57,usage
389,10,8,2024-09-28,1,499.0,EUR,499.0,subscription
390,50,10,2024-04-27,1,99.0,EUR,99.0,subscription
391,142,15,2024-03-23,4,5000.0,EUR,20000.0,project
392,15,7,2024-07-29,1,399.0,EUR,399.0,subscription
393,16,7,2023-10-28,1,399.0,EUR,399.0,subscription
394,2,10,2024-03-02,19,99.0,EUR,1881.0,subscription
395,30,4,2023-08-07,5,79.0,EUR,395.0,subscription
396,82,9,2024-03-01,17,2499.0,EUR,42483.0,annual
397,31,12,2023-07-21,26666,0.005,EUR,133.33,usage
398,77,2,2023-10-18,1,599.0,EUR,599.0,subscription
399,148,11,2024-07-28,3,2000.0,EUR,6000.0,project
400,114,9,2024-08-13,1,2499.0,EUR,2499.0,annual
401,35,10,2023-07-08,1,99.0,EUR,99.0,subscription
402,23,3,2024-09-16,9,1999.0,EUR,17991.0,annual
403,106,14,2024-05-23,33406,0.003,EUR,100.22,usage
404,97,13,2024-04-15,41262,0.004,EUR,165.05,usage
405,115,15,2024-11-22,1,5000.0,EUR,5000.0,project
406,100,2,2024-06-25,1,599.0,EUR,599.0,subscription
407,55,13,2024-02-04,22125,0.004,EUR,88.5,usage
408,8,4,2024-08-09,17,79.0,EUR,1343.0,subscription
409,59,5,2024-02-05,17,149.0,EUR,2533.0,subscription
410,128,2,2023-10-15,1,599.0,EUR,599.0,subscription
411,32,13,2024-04-11,31284,0.004,EUR,125.14,usage
412,93,15,2023-07-08,4,5000.0,EUR,20000.0,project
413,7,1,2024-01-05,1,299.0,EUR,299.0,subscription
414,2,10,2023-09-19,4,99.0,EUR,396.0,subscription
415,85,11,2023-10-16,5,2000.0,EUR,10000.0,project
416,134,5,2024-05-16,5,149.0,EUR,745.0,subscription
417,106,9,2024-06-10,13,2499.0,EUR,32487.0,annual
418,36,15,2024-05-23,2,5000.0,EUR,10000.0,project
419,45,12,2024-04-27,25298,0.005,EUR,126.49,usage
420,42,12,2024-01-16,16015,0.005,EUR,80.08,usage
421,53,15,2024-08-22,1,5000.0,EUR,5000.0,project
422,110,5,2023-08-08,13,149.0,EUR,1937.0,subscription
423,9,12,2024-05-02,27204,0.005,EUR,136.02,usage
424,87,11,2023-07-04,5,2000.0,EUR,10000.0,project
425,114,10,2023-09-15,8,99.0,EUR,792.0,subscription
426,75,9,2024-10-10,17,2499.0,EUR,42483.0,annual
427,130,14,2023-12-26,18654,0.003,EUR,55.96,usage
428,11,13,2024-04-01,46704,0.004,EUR,186.82,usage
429,50,12,2023-11-29,43369,0.005,EUR,216.84,usage
430,122,10,2023-12-11,19,99.0,EUR,1881.0,subscription
431,143,6,2024-04-15,17,129.0,EUR,2193.0,subscription
432,75,3,2024-07-12,7,1999.0,EUR,13993.0,annual
433,31,4,2024-05-05,3,79.0,EUR,237.0,subscription
434,92,4,2024-07-23,19,79.0,EUR,1501.0,subscription
435,92,1,2023-12-30,1,299.0,EUR,299.0,subscription
436,75,3,2024-05-01,19,1999.0,EUR,37981.0,annual
437,92,3,2023-09-10,9,1999.0,EUR,17991.0,annual
438,129,13,2024-02-04,28185,0.004,EUR,112.74,usage
439,42,14,2023-12-20,7105,0.003,EUR,21.32,usage
440,110,1,2024-03-28,1,299.0,EUR,299.0,subscription
441,18,13,2024-10-10,3749,0.004,EUR,15.0,usage
442,77,9,2024-03-25,15,2499.0,EUR,37485.0,annual
443,133,11,2023-07-20,1,2000.0,EUR,2000.0,project
444,20,1,2024-11-14,1,299.0,EUR,299.0,subscription
445,127,9,2023-11-24,6,2499.0,EUR,14994.0,annual
446,75,1,2024-09-01,1,299.0,EUR,299.0,subscription
447,62,2,2023-12-12,1,599.0,EUR,599.0,subscription
448,32,2,2024-05-05,1,599.0,EUR,599.0,subscription
449,28,14,2024-11-29,35129,0.003,EUR,105.39,usage
450,74,6,2023-07-14,1,129.0,EUR,129.0,subscription
451,81,7,2023-11-09,1,399.0,EUR,399.0,subscription
452,22,11,2024-09-11,3,2000.0,EUR,6000.0,project
453,96,1,2024-03-19,1,299.0,EUR,299.0,subscription
454,122,3,2024-02-10,17,1999.0,EUR,33983.0,annual
455,123,2,2024-03-14,1,599.0,EUR,599.0,subscription
456,52,8,2024-02-19,1,499.0,EUR,499.0,subscription
457,78,9,2024-05-31,16,2499.0,EUR,39984.0,annual
458,70,13,2024-08-12,31011,0.004,EUR,124.04,usage
459,137,2,2023-07-24,1,599.0,EUR,599.0,subscription
460,21,2,2024-03-27,1,599.0,EUR,599.0,subscription
461,64,10,2023-10-03,17,99.0,EUR,1683.0,subscription
462,76,15,2023-11-19,1,5000.0,EUR,5000.0,project
463,61,9,2023-09-19,9,2499.0,EUR,22491.0,annual
464,95,14,2024-03-30,22387,0.003,EUR,67.16,usage
465,40,4,2024-04-01,19,79.0,EUR,1501.0,subscription
466,4,5,2024-10-07,4,149.0,EUR,596.0,subscription
467,31,13,2024-01-24,33628,0.004,EUR,134.51,usage
468,69,11,2024-04-21,1,2000.0,EUR,2000.0,project
469,70,9,2023-08-08,11,2499.0,EUR,27489.0,annual
470,5,6,2024-04-13,4,129.0,EUR,516.0,subscription
471,115,10,2023-11-01,14,99.0,EUR,1386.0,subscription
472,91,12,2024-04-08,28949,0.005,EUR,144.75,usage
473,8,9,2023-12-27,6,2499.0,EUR,14994.0,annual
474,9,9,2023-10-05,17,2499.0,EUR,42483.0,annual
475,15,7,2024-01-07,1,399.0,EUR,399.0,subscription
476,105,14,2023-09-12,9001,0.003,EUR,27.0,usage
477,7,12,2024-09-19,16303,0.005,EUR,81.52,usage
478,72,10,2024-11-08,4,99.0,EUR,396.0,subscription
479,115,9,2024-10-26,10,2499.0,EUR,24990.0,annual
480,15,5,2023-10-24,7,149.0,EUR,1043.0,subscription
481,83,5,2024-12-16,4,149.0,EUR,596.0,subscription
482,39,12,2023-10-06,13303,0.005,EUR,66.52,usage
483,134,8,2024-05-23,1,499.0,EUR,499.0,subscription
484,57,10,2024-08-10,14,99.0,EUR,1386.0,subscription
485,92,4,2024-05-08,16,79.0,EUR,1264.0,subscription
486,81,9,2023-11-25,9,2499.0,EUR,22491.0,annual
487,147,7,2024-06-06,1,399.0,EUR,399.0,subscription
488,127,7,2024-11-06,1,399.0,EUR,399.0,subscription
489,75,13,2023-07-23,40427,0.004,EUR,161.71,usage
490,79,15,2023-10-13,5,5000.0,EUR,25000.0,project
491,10,3,2024-02-07,6,1999.0,EUR,11994.0,annual
492,107,4,2023-07-15,1,79.0,EUR,79.0,subscription
493,87,7,2023-09-16,1,399.0,EUR,399.0,subscription
494,67,11,2024-05-17,1,2000.0,EUR,2000.0,project
495,62,11,2024-02-26,3,2000.0,EUR,6000.0,project
496,131,14,2023-07-18,26534,0.003,EUR,79.6,usage
497,146,5,2024-09-26,3,149.0,EUR,447.0,subscription
498,107,12,2024-09-15,17448,0.005,EUR,87.24,usage
499,148,3,2024-04-02,1,1999.0,EUR,1999.0,annual
500,93,1,2024-08-27,1,299.0,EUR,299.0,subscription
501,86,7,2024-10-18,1,399.0,EUR,399.0,subscription
502,121,6,2023-07-27,7,129.0,EUR,903.0,subscription
503,79,10,2024-11-25,13,99.0,EUR,1287.0,subscription
504,10,15,2024-10-06,1,5000.0,EUR,5000.0,project
505,149,7,2024-06-27,1,399.0,EUR,399.0,subscription
506,29,15,2024-07-17,4,5000.0,EUR,20000.0,project
507,96,14,2024-12-06,2238,0.003,EUR,6.71,usage
508,10,2,2024-07-16,1,599.0,EUR,599.0,subscription
509,13,13,2023-12-31,16064,0.004,EUR,64.26,usage
510,47,12,2024-01-10,32115,0.005,EUR,160.58,usage
511,50,4,2024-10-04,17,79.0,EUR,1343.0,subscription
512,132,2,2023-08-25,1,599.0,EUR,599.0,subscription
513,116,8,2024-02-15,1,499.0,EUR,499.0,subscription
514,113,7,2024-10-31,1,399.0,EUR,399.0,subscription
515,85,1,2023-07-28,1,299.0,EUR,299.0,subscription
516,53,2,2023-12-31,1,599.0,EUR,599.0,subscription
517,130,2,2024-08-28,1,599.0,EUR,599.0,subscription
518,68,4,2024-07-09,15,79.0,EUR,1185.0,subscription
519,79,3,2023-08-10,10,1999.0,EUR,19990.0,annual
520,57,1,2024-10-26,1,299.0,EUR,299.0,subscription
521,97,12,2024-03-16,45258,0.005,EUR,226.29,usage
522,135,14,2024-09-13,5470,0.003,EUR,16.41,usage
523,147,2,2023-09-22,1,599.0,EUR,599.0,subscription
524,63,11,2023-08-15,4,2000.0,EUR,8000.0,project
525,65,9,2024-09-12,12,2499.0,EUR,29988.0,annual
526,39,13,2024-11-30,47656,0.004,EUR,190.62,usage
527,109,1,2024-09-10,1,299.0,EUR,299.0,subscription
528,26,9,2023-11-13,1,2499.0,EUR,2499.0,annual
529,12,7,2023-12-30,1,399.0,EUR,399.0,subscription
530,150,2,2023-12-19,1,599.0,EUR,599.0,subscription
531,77,2,2024-12-20,1,599.0,EUR,599.0,subscription
532,142,5,2023-10-28,10,149.0,EUR,1490.0,subscription
533,86,13,2024-04-06,46969,0.004,EUR,187.88,usage
534,30,5,2024-05-03,15,149.0,EUR,2235.0,subscription
535,52,4,2024-04-02,2,79.0,EUR,158.0,subscription
536,63,12,2024-12-11,12719,0.005,EUR,63.59,usage
537,120,10,2024-04-20,9,99.0,EUR,891.0,subscription
538,105,10,2023-08-22,11,99.0,EUR,1089.0,subscription
539,39,13,2024-09-04,15071,0.004,EUR,60.28,usage
540,41,12,2023-08-21,20981,0.005,EUR,104.91,usage
541,121,3,2023-09-10,1,1999.0,EUR,1999.0,annual
542,108,4,2023-07-28,7,79.0,EUR,553.0,subscription
543,65,10,2024-10-11,9,99.0,EUR,891.0,subscription
544,118,4,2024-12-28,11,79.0,EUR,869.0,subscription
545,79,2,2024-08-04,1,599.0,EUR,599.0,subscription
546,8,5,2024-01-17,16,149.0,EUR,2384.0,subscription
547,97,15,2024-10-08,3,5000.0,EUR,15000.0,project
548,18,5,2024-07-13,2,149.0,EUR,298.0,subscription
549,96,5,2023-12-24,15,149.0,EUR,2235.0,subscription
550,33,11,2023-08-21,3,2000.0,EUR,6000.0,project
551,5,15,2023-09-17,4,5000.0,EUR,20000.0,project
552,127,11,2024-07-19,4,2000.0,EUR,8000.0,project
553,74,10,2023-07-08,7,99.0,EUR,693.0,subscription
554,126,1,2024-01-30,1,299.0,EUR,299.0,subscription
555,5,6,2023-07-25,12,129.0,EUR,1548.0,subscription
556,34,11,2024-09-22,4,2000.0,EUR,8000.0,project
557,24,2,2024-09-29,1,599.0,EUR,599.0,subscription
558,145,7,2024-10-03,1,399.0,EUR,399.0,subscription
559,95,4,2024-01-14,10,79.0,EUR,790.0,subscription
560,71,15,2023-10-02,1,5000.0,EUR,5000.0,project
561,92,5,2024-09-09,14,149.0,EUR,2086.0,subscription
562,125,5,2024-12-08,3,149.0,EUR,447.0,subscription
563,22,5,2024-07-12,17,149.0,EUR,2533.0,subscription
564,15,2,2023-10-12,1,599.0,EUR,599.0,subscription
565,101,5,2023-08-08,11,149.0,EUR,1639.0,subscription
566,15,3,2024-09-30,10,1999.0,EUR,19990.0,annual
567,53,4,2024-06-28,10,79.0,EUR,790.0,subscription
568,149,13,2023-11-12,13777,0.004,EUR,55.11,usage
569,102,2,2024-07-08,1,599.0,EUR,599.0,subscription
570,113,4,2024-02-17,3,79.0,EUR,237.0,subscription
571,32,13,2023-08-08,21343,0.004,EUR,85.37,usage
572,21,9,2023-08-16,15,2499.0,EUR,37485.0,annual
573,83,8,2023-08-05,1,499.0,EUR,499.0,subscription
574,14,13,2023-10-03,42232,0.004,EUR,168.93,usage
575,15,14,2024-06-25,38649,0.003,EUR,115.95,usage
576,148,15,2024-12-06,3,5000.0,EUR,15000.0,project
577,34,11,2023-11-23,3,2000.0,EUR,6000.0,project
578,83,12,2024-07-02,16691,0.005,EUR,83.45,usage
579,9,3,2023-09-03,5,1999.0,EUR,9995.0,annual
580,77,1,2024-02-13,1,299.0,EUR,299.0,subscription
581,141,1,2024-12-01,1,299.0,EUR,299.0,subscription
582,9,6,2023-12-28,16,129.0,EUR,2064.0,subscription
583,36,3,2024-11-12,15,1999.0,EUR,29985.0,annual
584,117,4,2023-12-02,15,79.0,EUR,1185.0,subscription
585,3,1,2024-12-16,1,299.0,EUR,299.0,subscription
586,19,8,2024-09-07,1,499.0,EUR,499.0,subscription
587,23,1,2023-10-07,1,299.0,EUR,299.0,subscription
588,104,5,2024-07-06,6,149.0,EUR,894.0,subscription
589,135,6,2024-06-26,12,129.0,EUR,1548.0,subscription
590,105,15,2023-10-20,2,5000.0,EUR,10000.0,project
591,142,2,2024-09-25,1,599.0,EUR,599.0,subscription
592,46,7,2023-12-16,1,399.0,EUR,399.0,subscription
593,143,7,2023-11-16,1,399.0,EUR,399.0,subscription
594,15,1,2024-02-16,1,299.0,EUR,299.0,subscription
595,51,4,2024-02-24,9,79.0,EUR,711.0,subscription
596,110,12,2024-03-09,15175,0.005,EUR,75.88,usage
597,8,13,2024-09-08,11051,0.004,EUR,44.2,usage
598,69,4,2024-08-25,5,79.0,EUR,395.0,subscription
599,63,5,2024-04-28,8,149.0,EUR,1192.0,subscription
600,68,1,2023-09-10,1,299.0,EUR,299.0,subscription
601,144,1,2024-03-19,1,299.0,EUR,299.0,subscription
602,6,7,2024-02-07,1,399.0,EUR,399.0,subscription
603,119,9,2023-09-15,10,2499.0,EUR,24990.0,annual
604,57,1,2023-08-31,1,299.0,EUR,299.0,subscription
605,31,2,2024-10-13,1,599.0,EUR,599.0,subscription
606,6,6,2023-12-04,7,129.0,EUR,903.0,subscription
607,67,15,2023-11-02,5,5000.0,EUR,25000.0,project
608,131,15,2023-12-08,5,5000.0,EUR,25000.0,project
609,74,6,2024-12-22,3,129.0,EUR,387.0,subscription
610,114,2,2024-12-16,1,599.0,EUR,599.0,subscription
611,97,9,2023-10-14,10,2499.0,EUR,24990.0,annual
612,80,4,2023-11-08,5,79.0,EUR,395.0,subscription
613,123,13,2024-06-21,31614,0.004,EUR,126.46,usage
614,138,7,2023-07-02,1,399.0,EUR,399.0,subscription
615,33,6,2024-02-18,15,129.0,EUR,1935.0,subscription
616,140,11,2024-07-03,2,2000.0,EUR,4000.0,project
617,44,13,2024-03-07,6656,0.004,EUR,26.62,usage
618,13,11,2023-10-16,5,2000.0,EUR,10000.0,project
619,57,3,2024-04-01,2,1999.0,EUR,3998.0,annual
620,96,8,2023-12-27,1,499.0,EUR,499.0,subscription
621,144,7,2024-04-18,1,399.0,EUR,399.0,subscription
622,109,9,2023-12-22,8,2499.0,EUR,19992.0,annual
623,120,3,2023-10-31,8,1999.0,EUR,15992.0,annual
624,100,1,2024-02-12,1,299.0,EUR,299.0,subscription
625,149,2,2024-09-16,1,599.0,EUR,599.0,subscription
626,111,12,2024-08-31,20523,0.005,EUR,102.62,usage
627,51,11,2023-09-21,3,2000.0,EUR,6000.0,project
628,21,15,2023-09-03,2,5000.0,EUR,10000.0,project
629,60,12,2024-04-06,17308,0.005,EUR,86.54,usage
630,21,1,2024-07-25,1,299.0,EUR,299.0,subscription
631,107,11,2024-08-31,5,2000.0,EUR,10000.0,project
632,126,5,2023-10-15,1,149.0,EUR,149.0,subscription
633,134,15,2024-03-18,4,5000.0,EUR,20000.0,project
634,73,10,2023-12-06,15,99.0,EUR,1485.0,subscription
635,76,14,2024-03-21,49465,0.003,EUR,148.4,usage
636,78,2,2024-10-10,1,599.0,EUR,599.0,subscription
637,134,3,2024-01-18,12,1999.0,EUR,23988.0,annual
638,65,8,2023-12-02,1,499.0,EUR,499.0,subscription
639,86,15,2023-07-13,1,5000.0,EUR,5000.0,project
640,34,10,2024-04-22,7,99.0,EUR,693.0,subscription
641,56,14,2024-11-09,49242,0.003,EUR,147.73,usage
642,75,5,2024-03-01,1,149.0,EUR,149.0,subscription
643,3,4,2024-04-25,7,79.0,EUR,553.0,subscription
644,6,5,2024-06-26,2,149.0,EUR,298.0,subscription
645,6,10,2024-06-18,7,99.0,EUR,693.0,subscription
646,148,6,2024-12-02,19,129.0,EUR,2451.0,subscription
647,149,12,2024-07-20,31750,0.005,EUR,158.75,usage
648,2,7,2024-05-07,1,399.0,EUR,399.0,subscription
649,90,14,2024-08-17,11872,0.003,EUR,35.62,usage
650,56,13,2024-04-03,29695,0.004,EUR,118.78,usage
651,96,9,2024-06-20,5,2499.0,EUR,12495.0,annual
652,10,1,2024-12-06,1,299.0,EUR,299.0,subscription
653,87,4,2023-07-16,19,79.0,EUR,1501.0,subscription
654,70,12,2023-08-14,35752,0.005,EUR,178.76,usage
655,113,12,2024-05-16,29832,0.005,EUR,149.16,usage
656,30,9,2024-05-21,18,2499.0,EUR,44982.0,annual
657,128,5,2023-11-25,1,149.0,EUR,149.0,subscription
658,78,8,2024-06-19,1,499.0,EUR,499.0,subscription
659,55,12,2024-02-21,19079,0.005,EUR,95.39,usage
660,49,1,2023-10-13,1,299.0,EUR,299.0,subscription
661,34,4,2024-10-16,5,79.0,EUR,395.0,subscription
662,105,12,2024-07-30,48272,0.005,EUR,241.36,usage
663,22,14,2024-09-18,45555,0.003,EUR,136.66,usage
664,31,12,2024-02-05,34736,0.005,EUR,173.68,usage
665,135,9,2024-09-14,18,2499.0,EUR,44982.0,annual
666,105,13,2023-07-28,29022,0.004,EUR,116.09,usage
667,149,1,2024-10-17,1,299.0,EUR,299.0,subscription
668,16,1,2024-04-30,1,299.0,EUR,299.0,subscription
669,20,4,2024-08-08,11,79.0,EUR,869.0,subscription
670,43,14,2024-11-24,27720,0.003,EUR,83.16,usage
671,47,3,2024-11-13,19,1999.0,EUR,37981.0,annual
672,114,7,2024-06-12,1,399.0,EUR,399.0,subscription
673,19,11,2024-02-25,1,2000.0,EUR,2000.0,project
674,48,3,2024-06-01,10,1999.0,EUR,19990.0,annual
675,139,1,2023-07-26,1,299.0,EUR,299.0,subscription
676,45,12,2024-08-12,48969,0.005,EUR,244.84,usage
677,87,15,2023-09-15,4,5000.0,EUR,20000.0,project
678,15,11,2024-02-02,2,2000.0,EUR,4000.0,project
679,110,10,2024-05-23,19,99.0,EUR,1881.0,subscription
680,96,2,2023-07-23,1,599.0,EUR,599.0,subscription
681,102,10,2024-05-05,6,99.0,EUR,594.0,subscription
682,86,13,2024-03-23,4359,0.004,EUR,17.44,usage
683,142,4,2024-08-18,10,79.0,EUR,790.0,subscription
684,81,1,2024-03-23,1,299.0,EUR,299.0,subscription
685,51,1,2024-05-28,1,299.0,EUR,299.0,subscription
686,112,12,2024-09-22,36719,0.005,EUR,183.59,usage
687,15,14,2024-03-03,8389,0.003,EUR,25.17,usage
688,65,8,2023-08-05,1,499.0,EUR,499.0,subscription
689,88,7,2024-08-04,1,399.0,EUR,399.0,subscription
690,76,14,2023-07-28,48434,0.003,EUR,145.3,usage
691,10,8,2024-02-05,1,499.0,EUR,499.0,subscription
692,42,13,2024-08-09,15952,0.004,EUR,63.81,usage
693,95,4,2024-03-27,9,79.0,EUR,711.0,subscription
694,11,6,2024-11-22,8,129.0,EUR,1032.0,subscription
695,118,15,2024-04-11,4,5000.0,EUR,20000.0,project
696,144,13,2024-09-26,18422,0.004,EUR,73.69,usage
697,125,3,2024-05-12,2,1999.0,EUR,3998.0,annual
698,78,11,2024-04-22,1,2000.0,EUR,2000.0,project
699,147,13,2024-06-02,49232,0.004,EUR,196.93,usage
700,90,8,2024-05-02,1,499.0,EUR,499.0,subscription
701,8,4,2024-08-31,9,79.0,EUR,711.0,subscription
702,136,3,2024-06-15,13,1999.0,EUR,25987.0,annual
703,111,4,2024-11-22,8,79.0,EUR,632.0,subscription
704,58,6,2024-12-06,5,129.0,EUR,645.0,subscription
705,86,11,2024-11-03,5,2000.0,EUR,10000.0,project
706,55,7,2023-07-09,1,399.0,EUR,399.0,subscription
707,122,7,2024-11-08,1,399.0,EUR,399.0,subscription
708,108,14,2024-09-12,9098,0.003,EUR,27.29,usage
709,48,15,2023-10-16,5,5000.0,EUR,25000.0,project
710,132,12,2024-03-01,19883,0.005,EUR,99.42,usage
711,136,4,2024-03-11,17,79.0,EUR,1343.0,subscription
712,129,8,2023-08-02,1,499.0,EUR,499.0,subscription
713,47,7,2023-07-23,1,399.0,EUR,399.0,subscription
714,5,2,2023-08-18,1,599.0,EUR,599.0,subscription
715,24,13,2024-10-04,46999,0.004,EUR,188.0,usage
716,18,8,2024-05-31,1,499.0,EUR,499.0,subscription
717,84,9,2024-06-22,16,2499.0,EUR,39984.0,annual
718,5,5,2023-10-30,3,149.0,EUR,447.0,subscription
719,30,15,2024-09-16,1,5000.0,EUR,5000.0,project
720,1,4,2024-06-23,16,79.0,EUR,1264.0,subscription
721,86,4,2024-06-10,15,79.0,EUR,1185.0,subscription
722,82,13,2024-01-09,14350,0.004,EUR,57.4,usage
723,69,4,2024-08-19,2,79.0,EUR,158.0,subscription
724,31,6,2024-07-11,10,129.0,EUR,1290.0,subscription
725,91,11,2024-10-05,1,2000.0,EUR,2000.0,project
726,93,4,2023-11-23,15,79.0,EUR,1185.0,subscription
727,127,7,2024-10-20,1,399.0,EUR,399.0,subscription
728,16,7,2024-08-11,1,399.0,EUR,399.0,subscription
729,54,5,2024-04-11,6,149.0,EUR,894.0,subscription
730,140,13,2023-10-19,31657,0.004,EUR,126.63,usage
731,20,5,2023-08-19,17,149.0,EUR,2533.0,subscription
732,82,15,2023-07-14,4,5000.0,EUR,20000.0,project
733,109,10,2023-11-11,1,99.0,EUR,99.0,subscription
734,113,8,2024-06-07,1,499.0,EUR,499.0,subscription
735,17,7,2024-04-11,1,399.0,EUR,399.0,subscription
736,149,14,2024-05-09,45864,0.003,EUR,137.59,usage
737,126,7,2024-04-22,1,399.0,EUR,399.0,subscription
738,3,6,2023-12-11,4,129.0,EUR,516.0,subscription
739,17,7,2024-11-08,1,399.0,EUR,399.0,subscription
740,50,7,2023-07-16,1,399.0,EUR,399.0,subscription
741,122,10,2024-06-08,16,99.0,EUR,1584.0,subscription
742,90,14,2023-09-16,23343,0.003,EUR,70.03,usage
743,87,2,2024-06-10,1,599.0,EUR,599.0,subscription
744,6,14,2023-09-10,28712,0.003,EUR,86.14,usage
745,55,10,2024-03-26,19,99.0,EUR,1881.0,subscription
746,147,2,2024-04-12,1,599.0,EUR,599.0,subscription
747,102,14,2023-09-04,30488,0.003,EUR,91.46,usage
748,29,10,2023-09-06,10,99.0,EUR,990.0,subscription
749,111,7,2024-01-09,1,399.0,EUR,399.0,subscription
750,10,14,2023-08-24,49587,0.003,EUR,148.76,usage
751,91,10,2024-07-13,9,99.0,EUR,891.0,subscription
752,29,7,2023-12-15,1,399.0,EUR,399.0,subscription
753,45,7,2024-08-12,1,399.0,EUR,399.0,subscription
754,51,5,2024-11-19,7,149.0,EUR,1043.0,subscription
755,101,1,2024-12-18,1,299.0,EUR,299.0,subscription
756,128,14,2023-10-10,39079,0.003,EUR,117.24,usage
757,11,2,2024-08-25,1,599.0,EUR,599.0,subscription
758,82,13,2024-10-20,45220,0.004,EUR,180.88,usage
759,128,9,2023-10-28,12,2499.0,EUR,29988.0,annual
760,6,8,2024-04-16,1,499.0,EUR,499.0,subscription
761,67,8,2024-10-30,1,499.0,EUR,499.0,subscription
762,62,10,2023-12-08,15,99.0,EUR,1485.0,subscription
763,133,1,2023-09-16,1,299.0,EUR,299.0,subscription
764,137,6,2023-08-07,8,129.0,EUR,1032.0,subscription
765,28,15,2024-07-28,1,5000.0,EUR,5000.0,project
766,38,15,2024-09-13,5,5000.0,EUR,25000.0,project
767,43,9,2024-12-21,14,2499.0,EUR,34986.0,annual
768,117,15,2024-10-04,2,5000.0,EUR,10000.0,project
769,149,8,2024-04-19,1,499.0,EUR,499.0,subscription
770,46,3,2024-08-03,16,1999.0,EUR,31984.0,annual
771,49,4,2023-09-30,17,79.0,EUR,1343.0,subscription
772,39,15,2023-07-06,3,5000.0,EUR,15000.0,project
773,71,3,2024-03-27,1,1999.0,EUR,1999.0,annual
774,127,6,2023-10-07,18,129.0,EUR,2322.0,subscription
775,149,14,2024-12-07,9177,0.003,EUR,27.53,usage
776,1,9,2024-01-10,4,2499.0,EUR,9996.0,annual
777,136,15,2023-12-04,4,5000.0,EUR,20000.0,project
778,69,8,2023-10-23,1,499.0,EUR,499.0,subscription
779,30,15,2024-07-30,3,5000.0,EUR,15000.0,project
780,115,15,2024-12-03,3,5000.0,EUR,15000.0,project
781,8,13,2024-01-30,46609,0.004,EUR,186.44,usage
782,113,10,2024-12-14,5,99.0,EUR,495.0,subscription
783,19,4,2023-07-15,19,79.0,EUR,1501.0,subscription
784,59,15,2024-08-22,3,5000.0,EUR,15000.0,project
785,79,2,2024-07-02,1,599.0,EUR,599.0,subscription
786,36,13,2024-01-29,35854,0.004,EUR,143.42,usage
787,55,8,2023-07-05,1,499.0,EUR,499.0,subscription
788,44,8,2024-02-16,1,499.0,EUR,499.0,subscription
789,77,14,2024-01-17,24108,0.003,EUR,72.32,usage
790,78,12,2024-08-05,11419,0.005,EUR,57.09,usage
791,101,11,2023-11-26,4,2000.0,EUR,8000.0,project
792,30,6,2024-11-03,19,129.0,EUR,2451.0,subscription
793,39,14,2024-02-11,44950,0.003,EUR,134.85,usage
794,13,8,2023-12-16,1,499.0,EUR,499.0,subscription
795,122,9,2023-11-29,12,2499.0,EUR,29988.0,annual
796,144,13,2024-02-09,13835,0.004,EUR,55.34,usage
797,112,1,2024-11-15,1,299.0,EUR,299.0,subscription
798,45,9,2023-08-13,12,2499.0,EUR,29988.0,annual
799,119,2,2024-11-15,1,599.0,EUR,599.0,subscription
800,35,14,2024-02-26,36921,0.003,EUR,110.76,usage
801,7,13,2024-06-15,42968,0.004,EUR,171.87,usage
802,110,1,2023-07-23,1,299.0,EUR,299.0,subscription
803,114,8,2023-08-12,1,499.0,EUR,499.0,subscription
804,51,8,2024-10-08,1,499.0,EUR,499.0,subscription
805,46,11,2023-08-09,3,2000.0,EUR,6000.0,project
806,20,4,2024-04-28,16,79.0,EUR,1264.0,subscription
807,96,8,2023-12-22,1,499.0,EUR,499.0,subscription
808,38,7,2024-12-13,1,399.0,EUR,399.0,subscription
809,104,13,2024-10-03,11273,0.004,EUR,45.09,usage
810,32,2,2024-01-09,1,599.0,EUR,599.0,subscription
811,58,5,2024-02-29,16,149.0,EUR,2384.0,subscription
812,148,14,2024-04-05,25160,0.003,EUR,75.48,usage
813,82,10,2023-08-05,17,99.0,EUR,1683.0,subscription
814,50,4,2024-12-21,18,79.0,EUR,1422.0,subscription
815,52,3,2023-12-01,13,1999.0,EUR,25987.0,annual
816,86,1,2023-07-23,1,299.0,EUR,299.0,subscription
817,115,5,2023-09-29,5,149.0,EUR,745.0,subscription
818,150,10,2024-07-24,6,99.0,EUR,594.0,subscription
819,53,8,2024-06-23,1,499.0,EUR,499.0,subscription
820,66,12,2024-02-13,12273,0.005,EUR,61.37,usage
821,117,9,2024-01-18,5,2499.0,EUR,12495.0,annual
822,43,7,2024-06-14,1,399.0,EUR,399.0,subscription
823,82,12,2023-08-07,32739,0.005,EUR,163.69,usage
824,64,11,2024-11-11,1,2000.0,EUR,2000.0,project
825,137,1,2023-08-12,1,299.0,EUR,299.0,subscription
826,113,1,2024-11-28,1,299.0,EUR,299.0,subscription
827,135,15,2023-09-06,2,5000.0,EUR,10000.0,project
828,54,1,2023-10-31,1,299.0,EUR,299.0,subscription
829,65,2,2024-05-31,1,599.0,EUR,599.0,subscription
830,2,1,2023-11-30,1,299.0,EUR,299.0,subscription
831,132,4,2023-12-09,11,79.0,EUR,869.0,subscription
832,78,10,2024-01-30,7,99.0,EUR,693.0,subscription
833,32,9,2024-07-10,18,2499.0,EUR,44982.0,annual
834,100,12,2024-09-15,45179,0.005,EUR,225.9,usage
835,130,4,2024-08-26,10,79.0,EUR,790.0,subscription
836,104,13,2024-12-19,4800,0.004,EUR,19.2,usage
837,142,4,2024-02-15,15,79.0,EUR,1185.0,subscription
838,148,7,2023-08-28,1,399.0,EUR,399.0,subscription
839,89,14,2023-10-04,43735,0.003,EUR,131.21,usage
840,49,11,2024-03-18,4,2000.0,EUR,8000.0,project
841,136,9,2024-06-18,8,2499.0,EUR,19992.0,annual
842,149,7,2024-05-07,1,399.0,EUR,399.0,subscription
843,87,1,2023-11-13,1,299.0,EUR,299.0,subscription
844,8,1,2024-10-15,1,299.0,EUR,299.0,subscription
845,101,4,2024-09-02,8,79.0,EUR,632.0,subscription
846,16,4,2024-12-18,18,79.0,EUR,1422.0,subscription
847,40,1,2023-11-23,1,299.0,EUR,299.0,subscription
848,106,6,2024-12-05,6,129.0,EUR,774.0,subscription
849,27,10,2023-09-25,5,99.0,EUR,495.0,subscription
850,104,2,2023-10-17,1,599.0,EUR,599.0,subscription
851,105,11,2024-08-26,2,2000.0,EUR,4000.0,project
852,146,5,2024-06-09,12,149.0,EUR,1788.0,subscription
853,35,8,2024-03-22,1,499.0,EUR,499.0,subscription
854,113,15,2024-11-05,2,5000.0,EUR,10000.0,project
855,52,3,2024-05-28,4,1999.0,EUR,7996.0,annual
856,143,9,2024-08-16,13,2499.0,EUR,32487.0,annual
857,53,7,2024-01-07,1,399.0,EUR,399.0,subscription
858,91,9,2023-11-19,17,2499.0,EUR,42483.0,annual
859,81,1,2023-09-11,1,299.0,EUR,299.0,subscription
860,104,5,2023-12-14,16,149.0,EUR,2384.0,subscription
861,66,12,2023-12-15,37136,0.005,EUR,185.68,usage
862,113,13,2024-03-15,17128,0.004,EUR,68.51,usage
863,31,3,2024-09-11,15,1999.0,EUR,29985.0,annual
864,61,4,2023-10-19,12,79.0,EUR,948.0,subscription
865,101,4,2024-12-12,5,79.0,EUR,395.0,subscription
866,105,11,2024-04-15,2,2000.0,EUR,4000.0,project
867,98,12,2024-11-21,20987,0.005,EUR,104.94,usage
868,34,7,2023-12-22,1,399.0,EUR,399.0,subscription
869,59,10,2024-04-27,2,99.0,EUR,198.0,subscription
870,3,11,2024-01-01,4,2000.0,EUR,8000.0,project
871,17,8,2024-06-03,1,499.0,EUR,499.0,subscription
872,78,11,2024-11-21,4,2000.0,EUR,8000.0,project
873,46,10,2024-05-05,18,99.0,EUR,1782.0,subscription
874,35,5,2024-11-18,4,149.0,EUR,596.0,subscription
875,129,13,2024-06-10,10457,0.004,EUR,41.83,usage
876,112,13,2023-09-19,34922,0.004,EUR,139.69,usage
877,132,12,2024-07-08,10820,0.005,EUR,54.1,usage
878,61,10,2023-12-03,15,99.0,EUR,1485.0,subscription
879,97,7,2024-09-04,1,399.0,EUR,399.0,subscription
880,145,3,2024-11-11,5,1999.0,EUR,9995.0,annual
881,90,3,2023-11-24,3,1999.0,EUR,5997.0,annual
882,136,3,2024-10-23,7,1999.0,EUR,13993.0,annual
883,59,12,2024-09-07,17665,0.005,EUR,88.33,usage
884,18,4,2024-11-30,1,79.0,EUR,79.0,subscription
885,95,6,2023-09-07,19,129.0,EUR,2451.0,subscription
886,16,15,2024-01-02,4,5000.0,EUR,20000.0,project
887,10,5,2024-01-20,12,149.0,EUR,1788.0,subscription
888,104,8,2023-07-13,1,499.0,EUR,499.0,subscription
889,76,14,2024-03-30,35003,0.003,EUR,105.01,usage
890,150,14,2024-04-23,14149,0.003,EUR,42.45,usage
891,16,12,2023-08-20,31394,0.005,EUR,156.97,usage
892,12,13,2024-11-11,15396,0.004,EUR,61.58,usage
893,75,5,2024-07-03,18,149.0,EUR,2682.0,subscription
894,129,11,2024-06-21,1,2000.0,EUR,2000.0,project
895,27,12,2023-07-03,49274,0.005,EUR,246.37,usage
896,12,5,2024-03-10,4,149.0,EUR,596.0,subscription
897,30,14,2024-10-17,32016,0.003,EUR,96.05,usage
898,9,10,2024-11-17,15,99.0,EUR,1485.0,subscription
899,53,2,2024-03-12,1,599.0,EUR,599.0,subscription
900,54,12,2023-11-27,5789,0.005,EUR,28.95,usage
901,49,11,2024-10-30,2,2000.0,EUR,4000.0,project
902,4,11,2024-04-04,2,2000.0,EUR,4000.0,project
903,79,5,2023-08-28,16,149.0,EUR,2384.0,subscription
904,91,15,2024-09-18,2,5000.0,EUR,10000.0,project
905,79,12,2023-10-21,46331,0.005,EUR,231.66,usage
906,103,7,2024-10-31,1,399.0,EUR,399.0,subscription
907,111,2,2024-08-10,1,599.0,EUR,599.0,subscription
908,58,14,2024-07-01,35626,0.003,EUR,106.88,usage
909,82,13,2023-08-29,49503,0.004,EUR,198.01,usage
910,132,6,2024-05-24,2,129.0,EUR,258.0,subscription
911,22,7,2024-10-11,1,399.0,EUR,399.0,subscription
912,131,5,2023-09-01,3,149.0,EUR,447.0,subscription
913,79,9,2023-12-31,5,2499.0,EUR,12495.0,annual
914,99,14,2024-05-06,9833,0.003,EUR,29.5,usage
915,38,4,2024-12-19,19,79.0,EUR,1501.0,subscription
916,117,14,2023-12-24,47903,0.003,EUR,143.71,usage
917,26,14,2024-09-01,34491,0.003,EUR,103.47,usage
918,136,13,2023-09-11,30473,0.004,EUR,121.89,usage
919,50,10,2023-12-14,2,99.0,EUR,198.0,subscription
920,38,15,2024-02-10,4,5000.0,EUR,20000.0,project
921,138,1,2023-07-09,1,299.0,EUR,299.0,subscription
922,42,14,2024-02-21,1339,0.003,EUR,4.02,usage
923,37,8,2023-07-28,1,499.0,EUR,499.0,subscription
924,140,15,2023-07-27,1,5000.0,EUR,5000.0,project
925,49,8,2024-01-12,1,499.0,EUR,499.0,subscription
926,142,7,2024-01-19,1,399.0,EUR,399.0,subscription
927,46,8,2023-09-23,1,499.0,EUR,499.0,subscription
928,29,2,2023-07-30,1,599.0,EUR,599.0,subscription
929,12,3,2024-10-08,14,1999.0,EUR,27986.0,annual
930,116,9,2023-10-07,15,2499.0,EUR,37485.0,annual
931,82,1,2024-01-06,1,299.0,EUR,299.0,subscription
932,44,8,2023-07-12,1,499.0,EUR,499.0,subscription
933,2,8,2023-07-30,1,499.0,EUR,499.0,subscription
934,17,7,2023-08-07,1,399.0,EUR,399.0,subscription
935,138,13,2024-04-19,20435,0.004,EUR,81.74,usage
936,18,14,2024-06-24,34194,0.003,EUR,102.58,usage
937,22,11,2023-12-27,3,2000.0,EUR,6000.0,project
938,83,5,2023-10-20,7,149.0,EUR,1043.0,subscription
939,58,4,2024-09-16,12,79.0,EUR,948.0,subscription
940,53,10,2023-07-21,16,99.0,EUR,1584.0,subscription
941,1,10,2023-11-22,5,99.0,EUR,495.0,subscription
942,61,13,2024-11-10,45289,0.004,EUR,181.16,usage
943,31,15,2023-11-23,3,5000.0,EUR,15000.0,project
944,66,10,2024-09-13,6,99.0,EUR,594.0,subscription
945,147,14,2024-08-24,19866,0.003,EUR,59.6,usage
946,53,10,2024-05-11,10,99.0,EUR,990.0,subscription
947,95,6,2023-12-13,19,129.0,EUR,2451.0,subscription
948,150,12,2024-01-19,8837,0.005,EUR,44.19,usage
949,23,11,2024-11-07,5,2000.0,EUR,10000.0,project
950,143,1,2024-10-10,1,299.0,EUR,299.0,subscription
951,131,13,2024-07-19,19680,0.004,EUR,78.72,usage
952,87,5,2024-05-09,7,149.0,EUR,1043.0,subscription
953,148,14,2024-03-11,31346,0.003,EUR,94.04,usage
954,125,4,2023-07-23,14,79.0,EUR,1106.0,subscription
955,109,4,2024-06-03,16,79.0,EUR,1264.0,subscription
956,40,7,2024-11-04,1,399.0,EUR,399.0,subscription
957,121,9,2024-11-22,18,2499.0,EUR,44982.0,annual
958,39,8,2024-06-30,1,499.0,EUR,499.0,subscription
959,120,11,2024-07-06,5,2000.0,EUR,10000.0,project
960,18,13,2024-02-04,11934,0.004,EUR,47.74,usage
961,143,14,2024-10-17,31723,0.003,EUR,95.17,usage
962,37,12,2024-08-26,21405,0.005,EUR,107.03,usage
963,5,8,2024-06-20,1,499.0,EUR,499.0,subscription
964,73,5,2024-10-02,15,149.0,EUR,2235.0,subscription
965,135,6,2024-11-14,14,129.0,EUR,1806.0,subscription
966,41,2,2023-07-27,1,599.0,EUR,599.0,subscription
967,10,13,2024-02-08,23354,0.004,EUR,93.42,usage
968,68,11,2023-11-25,3,2000.0,EUR,6000.0,project
969,24,14,2024-08-27,24139,0.003,EUR,72.42,usage
970,78,3,2024-06-15,13,1999.0,EUR,25987.0,annual
971,145,5,2024-01-02,18,149.0,EUR,2682.0,subscription
972,109,2,2024-08-18,1,599.0,EUR,599.0,subscription
973,24,3,2024-09-01,12,1999.0,EUR,23988.0,annual
974,7,4,2023-08-10,15,79.0,EUR,1185.0,subscription
975,73,6,2024-07-27,9,129.0,EUR,1161.0,subscription
976,107,5,2023-09-17,4,149.0,EUR,596.0,subscription
977,99,10,2024-12-25,5,99.0,EUR,495.0,subscription
978,122,4,2024-09-22,9,79.0,EUR,711.0,subscription
979,12,13,2024-10-16,20116,0.004,EUR,80.46,usage
980,85,15,2023-11-19,2,5000.0,EUR,10000.0,project
981,3,2,2024-03-07,1,599.0,EUR,599.0,subscription
982,79,12,2024-04-19,48322,0.005,EUR,241.61,usage
983,85,11,2023-11-13,5,2000.0,EUR,10000.0,project
984,10,5,2024-10-26,4,149.0,EUR,596.0,subscription
985,33,5,2024-05-07,13,149.0,EUR,1937.0,subscription
986,46,11,2023-08-15,5,2000.0,EUR,10000.0,project
987,59,7,2024-02-21,1,399.0,EUR,399.0,subscription
988,52,1,2023-08-17,1,299.0,EUR,299.0,subscription
989,6,4,2024-01-14,8,79.0,EUR,632.0,subscription
990,130,11,2023-09-22,5,2000.0,EUR,10000.0,project
991,29,5,2024-12-24,15,149.0,EUR,2235.0,subscription
992,119,8,2023-12-08,1,499.0,EUR,499.0,subscription
993,97,12,2024-08-31,4283,0.005,EUR,21.41,usage
994,68,15,2023-09-09,4,5000.0,EUR,20000.0,project
995,60,12,2024-12-01,24212,0.005,EUR,121.06,usage
996,124,8,2023-08-21,1,499.0,EUR,499.0,subscription
997,84,1,2023-08-14,1,299.0,EUR,299.0,subscription
998,41,5,2024-04-18,5,149.0,EUR,745.0,subscription
999,113,10,2024-10-07,6,99.0,EUR,594.0,subscription
1000,65,1,2024-07-14,1,299.0,EUR,299.0,subscription
